dv,testvar,spec,ctrl,coef,tstat
ame,proindex,yes,,.0034297315831782,.4527354779805704
ame,proindex,yes,stats_brw,.0021413098263583,.280218217204924
ame,proindex,yes,topic_brw,.0037017587630292,.4930912714117132
ame,proindex,yes,t2,.0032905607145158,.4270384282033739
ame,proindex,yes,t3,.0034736351081256,.4651986427022263
ame,proindex,yes,i.mdegree,.0161341116716243,2.426874092155534
ame,proindex,yes,stats_brw topic_brw,-.0000162816112652,-.0020975889376165
ame,proindex,yes,stats_brw t2,.0018681251102789,.2402935853921129
ame,proindex,yes,stats_brw t3,.0021497030984088,.2855291505758716
ame,proindex,yes,stats_brw i.mdegree,.0150023592888376,2.516464114129941
ame,proindex,yes,topic_brw t2,.0035853809350376,.4698414525047049
ame,proindex,yes,topic_brw t3,.0037392439513181,.5031815022575523
ame,proindex,yes,topic_brw i.mdegree,.0153546263512338,2.277030533131841
ame,proindex,yes,t2 t3,.0037568376235966,.4949058458352613
ame,proindex,yes,t2 i.mdegree,.0162480336760761,2.484410328562422
ame,proindex,yes,t3 i.mdegree,.0161144074653694,2.294598222215141
ame,proindex,yes,stats_brw topic_brw t2,-.0005074289733085,-.0649774263148889
ame,proindex,yes,stats_brw topic_brw t3,-.0000190291718964,-.0024608836164716
ame,proindex,yes,stats_brw topic_brw i.mdegree,.0110698917379162,1.905649871418093
ame,proindex,yes,stats_brw t2 t3,.0023591626585585,.3080544547561612
ame,proindex,yes,stats_brw t2 i.mdegree,.0150602589859924,2.578797203562603
ame,proindex,yes,stats_brw t3 i.mdegree,.0149999775991475,2.397120988796805
ame,proindex,yes,topic_brw t2 t3,.0040027353043929,.528474262044672
ame,proindex,yes,topic_brw t2 i.mdegree,.0154687614424784,2.334021135393774
ame,proindex,yes,topic_brw t3 i.mdegree,.0153611336060637,2.182525154593538
ame,proindex,yes,t2 t3 i.mdegree,.0159673668782767,2.270863653219843
ame,proindex,yes,stats_brw topic_brw t2 t3,-.0000292069627263,-.0037686452747086
ame,proindex,yes,stats_brw topic_brw t2 i.mdegree,.0109980318371767,1.96474184065853
ame,proindex,yes,stats_brw topic_brw t3 i.mdegree,.0111137000371565,1.938499960129788
ame,proindex,yes,stats_brw t2 t3 i.mdegree,.0147515076746706,2.321964448289661
ame,proindex,yes,topic_brw t2 t3 i.mdegree,.0152692182730053,2.175603217512297
ame,proindex,yes,stats_brw topic_brw t2 t3 i.mdegree,.0108736888127337,1.90772166497264
ame,p12,yes,,-.0239132863252863,-.8745774165207485
ame,p12,yes,stats_brw,-.0131266944154962,-.5410865183823392
ame,p12,yes,topic_brw,-.0355379066190017,-1.245865583372381
ame,p12,yes,t2,-.0239286707424407,-.8018897140277426
ame,p12,yes,t3,-.0243265859990783,-.9149510136193392
ame,p12,yes,i.mdegree,-.0677843406077691,-2.257811843293907
ame,p12,yes,stats_brw topic_brw,-.0128495891979138,-.42777744942095
ame,p12,yes,stats_brw t2,-.0111623589842157,-.4266677581413049
ame,p12,yes,stats_brw t3,-.0132211811962372,-.5607071999521996
ame,p12,yes,stats_brw i.mdegree,-.0584631696558347,-2.648352319233527
ame,p12,yes,topic_brw t2,-.0367405273139789,-1.158248923736649
ame,p12,yes,topic_brw t3,-.0358607917879842,-1.289387172678684
ame,p12,yes,topic_brw i.mdegree,-.0783733149498802,-2.495091772311778
ame,p12,yes,t2 t3,-.0302184840717427,-1.088871402345275
ame,p12,yes,t2 i.mdegree,-.0742250311586298,-2.377578093060424
ame,p12,yes,t3 i.mdegree,-.0672730141349043,-2.111626236224388
ame,p12,yes,stats_brw topic_brw t2,-.009213274590971,-.293744865362039
ame,p12,yes,stats_brw topic_brw t3,-.012961545009263,-.4355336175651878
ame,p12,yes,stats_brw topic_brw i.mdegree,-.0648963721091667,-3.016016351957596
ame,p12,yes,stats_brw t2 t3,-.0172622856326889,-.7219707636075615
ame,p12,yes,stats_brw t2 i.mdegree,-.0634118390531266,-2.846336305984107
ame,p12,yes,stats_brw t3 i.mdegree,-.0581089972190895,-2.436205704711031
ame,p12,yes,topic_brw t2 t3,-.0436432708035565,-1.489161746615257
ame,p12,yes,topic_brw t2 i.mdegree,-.0858351201451141,-2.571340869585024
ame,p12,yes,topic_brw t3 i.mdegree,-.0777279020832839,-2.368948680355425
ame,p12,yes,t2 t3 i.mdegree,-.0703707556533389,-2.193771542045861
ame,p12,yes,stats_brw topic_brw t2 t3,-.0154150539396408,-.5330141116664213
ame,p12,yes,stats_brw topic_brw t2 i.mdegree,-.0679060284397247,-3.170965791363558
ame,p12,yes,stats_brw topic_brw t3 i.mdegree,-.0647076930713343,-2.95050668419477
ame,p12,yes,stats_brw t2 t3 i.mdegree,-.0584726605957473,-2.477063960439057
ame,p12,yes,topic_brw t2 t3 i.mdegree,-.0841600276650605,-2.500470707748241
ame,p12,yes,stats_brw topic_brw t2 t3 i.mdegree,-.0668070588410176,-2.856848789649071
ame,p56,yes,,.019943505761931,.9499082830898034
ame,p56,yes,stats_brw,.0182210726914511,.8887354002072877
ame,p56,yes,topic_brw,.0186146135041452,.8861450898790946
ame,p56,yes,t2,.0197326303983927,.928759753276859
ame,p56,yes,t3,.019584039537141,.9305623374309828
ame,p56,yes,i.mdegree,.0477340623815516,2.47649828446597
ame,p56,yes,stats_brw topic_brw,.0115699322049779,.5820437547187165
ame,p56,yes,stats_brw t2,.0178084791351253,.8595635379570169
ame,p56,yes,stats_brw t3,.017698709848616,.8607256268869148
ame,p56,yes,stats_brw i.mdegree,.0457399769852785,2.499597113467451
ame,p56,yes,topic_brw t2,.0184265461953921,.8685889309181264
ame,p56,yes,topic_brw t3,.0183042827081204,.871385861380982
ame,p56,yes,topic_brw i.mdegree,.044334547556315,2.179033348559606
ame,p56,yes,t2 t3,.0199201109399402,.9442108813715373
ame,p56,yes,t2 i.mdegree,.0477436930129303,2.465866889152816
ame,p56,yes,t3 i.mdegree,.0491783072159988,2.479579574644826
ame,p56,yes,stats_brw topic_brw t2,.0107681390437235,.5380863769880987
ame,p56,yes,stats_brw topic_brw t3,.0108723855605187,.5454551958799465
ame,p56,yes,stats_brw topic_brw i.mdegree,.0333489199797388,1.796633175513867
ame,p56,yes,stats_brw t2 t3,.0179870644293918,.8732899197106873
ame,p56,yes,stats_brw t2 i.mdegree,.0457421569808907,2.500635640525061
ame,p56,yes,stats_brw t3 i.mdegree,.0471322227282583,2.518487431807485
ame,p56,yes,topic_brw t2 t3,.0185976233941018,.8818318020152048
ame,p56,yes,topic_brw t2 i.mdegree,.0443434407600162,2.168683517255266
ame,p56,yes,topic_brw t3 i.mdegree,.0457319995012068,2.218952280885221
ame,p56,yes,t2 t3 i.mdegree,.0496907171124181,2.498693962988698
ame,p56,yes,stats_brw topic_brw t2 t3,.0109479292776864,.5492039090773542
ame,p56,yes,stats_brw topic_brw t2 i.mdegree,.0332750646910538,1.810390116969594
ame,p56,yes,stats_brw topic_brw t3 i.mdegree,.0342653561665827,1.895676870417501
ame,p56,yes,stats_brw t2 t3 i.mdegree,.0477165940787777,2.533177867124423
ame,p56,yes,topic_brw t2 t3 i.mdegree,.0462054283989771,2.237127830483626
ame,p56,yes,stats_brw topic_brw t2 t3 i.mdegree,.0348303779507466,1.92581546338173
ame,p12,no,,-.0137893400031931,-.5264194250951515
ame,p56,no,,.0166371733113502,.785273263296574
ame,p12,no,stats_brw,-.0020057635876343,-.0801661882188216
ame,p56,no,stats_brw,.0177609670792618,.8195696915739551
ame,p12,no,topic_brw,-.0280634332342179,-1.015918079043901
ame,p56,no,topic_brw,.011781984854943,.5576631196587963
ame,p12,no,t2,-.0137082338246275,-.4811919530417579
ame,p56,no,t2,.0166397245877858,.7860890514172022
ame,p12,no,t3,-.0144967357590674,-.5657102228634076
ame,p56,no,t3,.0160901227907399,.7528714908154327
ame,p12,no,i.mdegree,-.0461590687174733,-1.655717694510403
ame,p56,no,i.mdegree,.0381929895179094,2.111732634382034
ame,p12,no,stats_brw topic_brw,-.0065584478550658,-.2106332208823595
ame,p56,no,stats_brw topic_brw,.0100531184280834,.4850351861067753
ame,p12,no,stats_brw t2,.0001920157218833,.0071880084546605
ame,p56,no,stats_brw t2,.0178494303580702,.8242085866651315
ame,p12,no,stats_brw t3,-.002490696933148,-.1011531090910272
ame,p56,no,stats_brw t3,.0171255433877698,.7834995877832129
ame,p12,no,stats_brw i.mdegree,-.0367227184940425,-1.609394124064262
ame,p56,no,stats_brw i.mdegree,.0383280843323349,2.020663787640349
ame,p12,no,topic_brw t2,-.0291973985750934,-.9481922090204564
ame,p56,no,topic_brw t2,.0117319444086687,.5554830746385577
ame,p12,no,topic_brw t3,-.0286748728960262,-1.067627444451462
ame,p56,no,topic_brw t3,.0112912847978478,.5341687165339475
ame,p12,no,topic_brw i.mdegree,-.0595137153473793,-2.037537399566219
ame,p56,no,topic_brw i.mdegree,.0314285069072643,1.650689166326567
ame,p12,no,t2 t3,-.0200660421577391,-.758874712902897
ame,p56,no,t2 t3,.015464022955089,.7251026492779004
ame,p12,no,t2 i.mdegree,-.0517455658079977,-1.745904372761627
ame,p56,no,t2 i.mdegree,.0370716179132247,1.99127172037726
ame,p12,no,t3 i.mdegree,-.0446000785041275,-1.510049275006335
ame,p56,no,t3 i.mdegree,.0398804601244563,2.170818505629403
ame,p12,no,stats_brw topic_brw t2,-.0027658335090802,-.0858572422330025
ame,p56,no,stats_brw topic_brw t2,.0101750131665957,.4915790221147571
ame,p12,no,stats_brw topic_brw t3,-.007199205348359,-.2334959429930291
ame,p56,no,stats_brw topic_brw t3,.0092014665127614,.4430369535284865
ame,p12,no,stats_brw topic_brw i.mdegree,-.0519124861525089,-2.290173992301286
ame,p56,no,stats_brw topic_brw i.mdegree,.0223359223014994,1.147442962287431
ame,p12,no,stats_brw t2 t3,-.0058534754097322,-.2341718036613261
ame,p56,no,stats_brw t2 t3,.0167550071881198,.7651543985415707
ame,p12,no,stats_brw t2 i.mdegree,-.0403882388247023,-1.689201369722993
ame,p56,no,stats_brw t2 i.mdegree,.0376392748884453,1.939017581039038
ame,p12,no,stats_brw t3 i.mdegree,-.0353905923981796,-1.437637278803876
ame,p56,no,stats_brw t3 i.mdegree,.0399327762324465,2.069420527753897
ame,p12,no,topic_brw t2 t3,-.0365290233198653,-1.313994165994764
ame,p56,no,topic_brw t2 t3,.0103547158325995,.4926661037536638
ame,p12,no,topic_brw t2 i.mdegree,-.0665562238508186,-2.03868635907013
ame,p56,no,topic_brw t2 i.mdegree,.0299374878796848,1.489738542402037
ame,p12,no,topic_brw t3 i.mdegree,-.0577512810022843,-1.915163374393341
ame,p56,no,topic_brw t3 i.mdegree,.0330544864429776,1.755657900217161
ame,p12,no,t2 t3 i.mdegree,-.0434434828834191,-1.532855394538118
ame,p56,no,t2 t3 i.mdegree,.0402031299091388,2.225997530461887
ame,p12,no,stats_brw topic_brw t2 t3,-.0093260292860201,-.3153499426011823
ame,p56,no,stats_brw topic_brw t2 t3,.0089732171703308,.4328753120324222
ame,p12,no,stats_brw topic_brw t2 i.mdegree,-.0542915941804927,-2.20496904082093
ame,p56,no,stats_brw topic_brw t2 i.mdegree,.021911141911693,1.084771974400234
ame,p12,no,stats_brw topic_brw t3 i.mdegree,-.0511049620614765,-2.215638429450554
ame,p56,no,stats_brw topic_brw t3 i.mdegree,.0232745562482658,1.232979413792515
ame,p12,no,stats_brw t2 t3 i.mdegree,-.0304527659009075,-1.25302853293305
ame,p56,no,stats_brw t2 t3 i.mdegree,.0412366910303034,2.110109209438681
ame,p12,no,topic_brw t2 t3 i.mdegree,-.0609662537763368,-2.052438483280666
ame,p56,no,topic_brw t2 t3 i.mdegree,.0321069603707385,1.723215565192376
ame,p12,no,stats_brw topic_brw t2 t3 i.mdegree,-.0503799370577997,-1.994583193055834
ame,p56,no,stats_brw topic_brw t2 t3 i.mdegree,.0234775035776456,1.213667781528416
ame,group1,yes,,-.0412162657272284,-1.377918125168674
ame,group1,yes,stats_brw,-.0358679726824799,-1.314555727306345
ame,group1,yes,topic_brw,-.0470332325098737,-1.53109434936392
ame,group1,yes,t2,-.0432411426277464,-1.366068047167736
ame,group1,yes,t3,-.0405670456695494,-1.363538070944604
ame,group1,yes,i.mdegree,-.0782040489426062,-2.281474797251978
ame,group1,yes,stats_brw topic_brw,-.0332030361622246,-1.193923931986427
ame,group1,yes,stats_brw t2,-.0370541129876309,-1.300558682495568
ame,group1,yes,stats_brw t3,-.0347446981881651,-1.296627571719309
ame,group1,yes,stats_brw i.mdegree,-.071347740041461,-2.392841909105198
ame,group1,yes,topic_brw t2,-.0497506579634366,-1.521648134300954
ame,group1,yes,topic_brw t3,-.0465413861566578,-1.514687621221029
ame,group1,yes,topic_brw i.mdegree,-.0844400294497929,-2.3434755495718
ame,group1,yes,t2 t3,-.0452401808001283,-1.46437176279136
ame,group1,yes,t2 i.mdegree,-.083658555239918,-2.378618151540219
ame,group1,yes,t3 i.mdegree,-.0790906036444221,-2.197155996118244
ame,group1,yes,stats_brw topic_brw t2,-.0329276656064457,-1.152682779913766
ame,group1,yes,stats_brw topic_brw t3,-.0317141037671812,-1.154552299303226
ame,group1,yes,stats_brw topic_brw i.mdegree,-.0703251695488536,-2.445228265884424
ame,group1,yes,stats_brw t2 t3,-.0390297790201219,-1.403509820536847
ame,group1,yes,stats_brw t2 i.mdegree,-.0761911193223539,-2.535601111964115
ame,group1,yes,stats_brw t3 i.mdegree,-.0723573632958118,-2.316527121601899
ame,group1,yes,topic_brw t2 t3,-.05164163346371,-1.601732790220187
ame,group1,yes,topic_brw t2 i.mdegree,-.0903810871711539,-2.418803609628349
ame,group1,yes,topic_brw t3 i.mdegree,-.0850213975474193,-2.27295465074008
ame,group1,yes,t2 t3 i.mdegree,-.0817719016698162,-2.215156584408606
ame,group1,yes,stats_brw topic_brw t2 t3,-.0349219325342335,-1.246960840841586
ame,group1,yes,stats_brw topic_brw t2 i.mdegree,-.0734734500644971,-2.550389211910373
ame,group1,yes,stats_brw topic_brw t3 i.mdegree,-.0708311604366844,-2.447961231246112
ame,group1,yes,stats_brw t2 t3 i.mdegree,-.0739184113181377,-2.297746238286227
ame,group1,yes,topic_brw t2 t3 i.mdegree,-.089254981862283,-2.302755517173138
ame,group1,yes,stats_brw topic_brw t2 t3 i.mdegree,-.0726962720470778,-2.384295837652141
ame,group3,yes,,.0256317177928723,1.314131240263898
ame,group3,yes,stats_brw,.0236042723968995,1.27767438477614
ame,group3,yes,topic_brw,.0259472608975438,1.350886764392194
ame,group3,yes,t2,.0270175645059908,1.414174235953042
ame,group3,yes,t3,.0271970220476473,1.442936102057234
ame,group3,yes,i.mdegree,.0479390264873158,2.433243692474369
ame,group3,yes,stats_brw topic_brw,.0196653604121277,1.170707693971283
ame,group3,yes,stats_brw t2,.0251178599495146,1.388579782684787
ame,group3,yes,stats_brw t3,.0252791039828075,1.412970394224426
ame,group3,yes,stats_brw i.mdegree,.04458752410458,2.481146083386127
ame,group3,yes,topic_brw t2,.0272889360143006,1.439397677346752
ame,group3,yes,topic_brw t3,.0273938218048281,1.46466969776301
ame,group3,yes,topic_brw i.mdegree,.0469573741836061,2.434973321870631
ame,group3,yes,t2 t3,.0273177195947728,1.440963283861203
ame,group3,yes,t2 i.mdegree,.0511517151143912,2.629040675144855
ame,group3,yes,t3 i.mdegree,.0468933193171219,2.415101567679921
ame,group3,yes,stats_brw topic_brw t2,.0214451739234707,1.281420177298195
ame,group3,yes,stats_brw topic_brw t3,.0214939581692217,1.302809710034926
ame,group3,yes,stats_brw topic_brw i.mdegree,.0359986100649517,2.356605635250451
ame,group3,yes,stats_brw t2 t3,.0254151416730838,1.414031598439387
ame,group3,yes,stats_brw t2 i.mdegree,.0480837488032331,2.734261064253517
ame,group3,yes,stats_brw t3 i.mdegree,.0435991132817652,2.464550496592907
ame,group3,yes,topic_brw t2 t3,.0275543210035997,1.462466853573202
ame,group3,yes,topic_brw t2 i.mdegree,.0500624683656006,2.563935055882963
ame,group3,yes,topic_brw t3 i.mdegree,.0462543712106892,2.394521989705264
ame,group3,yes,t2 t3 i.mdegree,.0512918295404713,2.594356506117677
ame,group3,yes,stats_brw topic_brw t2 t3,.0217492107566237,1.304887089082628
ame,group3,yes,stats_brw topic_brw t2 i.mdegree,.039808620741279,2.529883677647387
ame,group3,yes,stats_brw topic_brw t3 i.mdegree,.0359363807477462,2.305786585491479
ame,group3,yes,stats_brw t2 t3 i.mdegree,.0481925006009213,2.687303209079232
ame,group3,yes,topic_brw t2 t3 i.mdegree,.0502239750722884,2.541359503266492
ame,group3,yes,stats_brw topic_brw t2 t3 i.mdegree,.0400273699124893,2.532508588250705
ame,group1,no,,-.0320004584008928,-1.042158087342684
ame,group3,no,,.0184316146526713,.9275678083987945
ame,group1,no,stats_brw,-.0271404770846458,-.9337446205985562
ame,group3,no,stats_brw,.0178440060414508,.9107586027563906
ame,group1,no,topic_brw,-.0382781020834861,-1.229888530384634
ame,group3,no,topic_brw,.0173602917600559,.9058851901475904
ame,group1,no,t2,-.031677304489747,-.9864656275442822
ame,group3,no,t2,.0186026961350426,.9807820534748665
ame,group1,no,t3,-.0300817989830402,-1.008631392506056
ame,group3,no,t3,.0200255778613488,1.070604646603108
ame,group1,no,i.mdegree,-.0619631613463644,-1.849456558233787
ame,group3,no,i.mdegree,.0372104400897724,1.996510518413462
ame,group1,no,stats_brw topic_brw,-.0263539430635119,-.899413353477131
ame,group3,no,stats_brw topic_brw,.0140817932176893,.8005334714720322
ame,group1,no,stats_brw t2,-.0253958971848505,-.8464368154355246
ame,group3,no,stats_brw t2,.0186976180378612,.9858029693188866
ame,group1,no,stats_brw t3,-.0245136678202617,-.8800892146549578
ame,group3,no,stats_brw t3,.0197350809218781,1.060323643644371
ame,group1,no,stats_brw i.mdegree,-.0567107719975388,-1.85389873171525
ame,group3,no,stats_brw i.mdegree,.0354660261145397,1.957788379003985
ame,group1,no,topic_brw t2,-.0391157982057617,-1.188830187454377
ame,group3,no,topic_brw t2,.0169211796776499,.918467668543079
ame,group1,no,topic_brw t3,-.0366637032162559,-1.202026484229194
ame,group3,no,topic_brw t3,.0186692006109818,1.028605861918976
ame,group1,no,topic_brw i.mdegree,-.0688555507625105,-1.985285952075191
ame,group3,no,topic_brw i.mdegree,.0348734984470432,2.008148631805583
ame,group1,no,t2 t3,-.0337267921074021,-1.064245098856014
ame,group3,no,t2 t3,.0184503724021735,.9674344029066162
ame,group1,no,t2 i.mdegree,-.0628115015873078,-1.908161873776028
ame,group3,no,t2 i.mdegree,.0366204664255641,2.211015845812545
ame,group1,no,t3 i.mdegree,-.0632938729261716,-1.864326050451526
ame,group3,no,t3 i.mdegree,.0354390191214004,2.064948347541581
ame,group1,no,stats_brw topic_brw t2,-.0232609764256286,-.773839608731799
ame,group3,no,stats_brw topic_brw t2,.0155831359616102,.8955973894962559
ame,group1,no,stats_brw topic_brw t3,-.0233473649836433,-.8176980507047228
ame,group3,no,stats_brw topic_brw t3,.0162255815882489,.9522138075923423
ame,group1,no,stats_brw topic_brw i.mdegree,-.0595390465951565,-2.048259084381947
ame,group3,no,stats_brw topic_brw i.mdegree,.0262761294861461,1.774063690140272
ame,group1,no,stats_brw t2 t3,-.0274270608171275,-.923796566693505
ame,group3,no,stats_brw t2 t3,.0185411416208205,.9716044373700526
ame,group1,no,stats_brw t2 i.mdegree,-.0562747817752483,-1.916287043981491
ame,group3,no,stats_brw t2 i.mdegree,.0357488257224541,2.161270297211303
ame,group1,no,stats_brw t3 i.mdegree,-.0580341805330651,-1.891989327662803
ame,group3,no,stats_brw t3 i.mdegree,.0338049150950659,1.998004374636126
ame,group1,no,topic_brw t2 t3,-.0410569361954838,-1.255669941136311
ame,group3,no,topic_brw t2 t3,.0167804803856029,.90763521848256
ame,group1,no,topic_brw t2 i.mdegree,-.0708956750145135,-2.040809616268807
ame,group3,no,topic_brw t2 i.mdegree,.0334683180862958,2.129286367811839
ame,group1,no,topic_brw t3 i.mdegree,-.0698034316265633,-1.994070794298125
ame,group3,no,topic_brw t3 i.mdegree,.0335188160475273,2.057262224402628
ame,group1,no,t2 t3 i.mdegree,-.0600955996211131,-1.716029649532323
ame,group3,no,t2 t3 i.mdegree,.0373464368614707,2.204838662036199
ame,group1,no,stats_brw topic_brw t2 t3,-.0253193655908213,-.8525665081028886
ame,group3,no,stats_brw topic_brw t2 t3,.0154230144511916,.882237339510585
ame,group1,no,stats_brw topic_brw t2 i.mdegree,-.0586488628755107,-2.050393409377366
ame,group3,no,stats_brw topic_brw t2 i.mdegree,.0268513551881752,1.839558270249828
ame,group1,no,stats_brw topic_brw t3 i.mdegree,-.0600103485818528,-2.107060724441783
ame,group3,no,stats_brw topic_brw t3 i.mdegree,.025716046708439,1.765508608241993
ame,group1,no,stats_brw t2 t3 i.mdegree,-.0531497207349339,-1.668905287247824
ame,group3,no,stats_brw t2 t3 i.mdegree,.036513604101041,2.154071216892778
ame,group1,no,topic_brw t2 t3 i.mdegree,-.0689743677575726,-1.893945492250555
ame,group3,no,topic_brw t2 t3 i.mdegree,.0340048910045166,2.125642356076026
ame,group1,no,stats_brw topic_brw t2 t3 i.mdegree,-.0572476378537847,-1.868609092112488
ame,group3,no,stats_brw topic_brw t2 t3 i.mdegree,.0272753726580193,1.849695381380734
neg10s,proindex,yes,,-.038792443828316,-1.911289869844468
neg10s,proindex,yes,stats_brw,-.0370605864487231,-1.893540889554509
neg10s,proindex,yes,topic_brw,-.039268991641563,-1.963245159377239
neg10s,proindex,yes,t2,-.0389223606218179,-1.971438276158794
neg10s,proindex,yes,t3,-.0389238975846467,-1.93631932863788
neg10s,proindex,yes,i.mdegree,-.0600880365796546,-2.233879278830161
neg10s,proindex,yes,stats_brw topic_brw,-.0335280172001825,-1.877730586577282
neg10s,proindex,yes,stats_brw t2,-.0370410991281401,-1.93710261675359
neg10s,proindex,yes,stats_brw t3,-.0370830781711773,-1.923687208824968
neg10s,proindex,yes,stats_brw i.mdegree,-.0577599319351869,-2.311497580308743
neg10s,proindex,yes,topic_brw t2,-.0394394832221233,-2.037098943749527
neg10s,proindex,yes,topic_brw t3,-.0393872974510111,-1.981789844738566
neg10s,proindex,yes,topic_brw i.mdegree,-.0590007292099185,-2.187104724082562
neg10s,proindex,yes,t2 t3,-.0407954779868145,-2.078939913545366
neg10s,proindex,yes,t2 i.mdegree,-.0601925510558213,-2.276747481403758
neg10s,proindex,yes,t3 i.mdegree,-.060104393326836,-2.253883924077055
neg10s,proindex,yes,stats_brw topic_brw t2,-.0331657375729974,-1.925090223174848
neg10s,proindex,yes,stats_brw topic_brw t3,-.033521133285532,-1.904137950339172
neg10s,proindex,yes,stats_brw topic_brw i.mdegree,-.0512940188590701,-2.357788246112455
neg10s,proindex,yes,stats_brw t2 t3,-.0389014484585701,-2.058495349529748
neg10s,proindex,yes,stats_brw t2 i.mdegree,-.0577308551513638,-2.348035860196477
neg10s,proindex,yes,stats_brw t3 i.mdegree,-.0577623887899457,-2.338719134946823
neg10s,proindex,yes,topic_brw t2 t3,-.0412236341000084,-2.123030628749734
neg10s,proindex,yes,topic_brw t2 i.mdegree,-.0591055596781586,-2.230921109776919
neg10s,proindex,yes,topic_brw t3 i.mdegree,-.0589925628326681,-2.215143148978944
neg10s,proindex,yes,t2 t3 i.mdegree,-.0605396912220213,-2.327836270428837
neg10s,proindex,yes,stats_brw topic_brw t2 t3,-.0350083179851968,-2.023193054154357
neg10s,proindex,yes,stats_brw topic_brw t2 i.mdegree,-.0510319666732621,-2.401790441481178
neg10s,proindex,yes,stats_brw topic_brw t3 i.mdegree,-.0510964134437644,-2.434614920808887
neg10s,proindex,yes,stats_brw t2 t3 i.mdegree,-.0580655534164248,-2.396766920636706
neg10s,proindex,yes,topic_brw t2 t3 i.mdegree,-.0594821501924,-2.292785955268599
neg10s,proindex,yes,stats_brw topic_brw t2 t3 i.mdegree,-.0514097417624834,-2.489545806479176
neg10s,p12,yes,,.1085156855567605,1.046282269688634
neg10s,p12,yes,stats_brw,.0941448452056155,.974616083229274
neg10s,p12,yes,topic_brw,.1302858216047751,1.240860069248114
neg10s,p12,yes,t2,.1119158629426104,1.075309409268236
neg10s,p12,yes,t3,.1097351234495015,1.063750027872185
neg10s,p12,yes,i.mdegree,.175592129784636,1.402447762492551
neg10s,p12,yes,stats_brw topic_brw,.0936626549873407,.9968093291375068
neg10s,p12,yes,stats_brw t2,.0955172091884713,.9691891580473763
neg10s,p12,yes,stats_brw t3,.0943980861392178,.9907931599453293
neg10s,p12,yes,stats_brw i.mdegree,.1556996550612142,1.426668601139541
neg10s,p12,yes,topic_brw t2,.1360335021884503,1.28973887397483
neg10s,p12,yes,topic_brw t3,.1312776064076346,1.25835560327613
neg10s,p12,yes,topic_brw i.mdegree,.1933182980231656,1.544689023676211
neg10s,p12,yes,t2 t3,.1338256745659725,1.229793302398628
neg10s,p12,yes,t2 i.mdegree,.1866802112324751,1.509195264019991
neg10s,p12,yes,t3 i.mdegree,.1760771355787769,1.414543776618341
neg10s,p12,yes,stats_brw topic_brw t2,.0921361226245806,.9768771406681742
neg10s,p12,yes,stats_brw topic_brw t3,.0939450904092565,1.011444714341026
neg10s,p12,yes,stats_brw topic_brw i.mdegree,.167372786348356,1.759134891141857
neg10s,p12,yes,stats_brw t2 t3,.1177491752307906,1.15162705406465
neg10s,p12,yes,stats_brw t2 i.mdegree,.1633343733342975,1.501863849794272
neg10s,p12,yes,stats_brw t3 i.mdegree,.1561019609514075,1.4442511266279
neg10s,p12,yes,topic_brw t2 t3,.1592477253515625,1.464863428941484
neg10s,p12,yes,topic_brw t2 i.mdegree,.2061229051974686,1.670591310147994
neg10s,p12,yes,topic_brw t3 i.mdegree,.1943913853207354,1.564875203105705
neg10s,p12,yes,t2 t3 i.mdegree,.2017465919765173,1.576963474766364
neg10s,p12,yes,stats_brw topic_brw t2 t3,.1145431311804692,1.186135508285283
neg10s,p12,yes,stats_brw topic_brw t2 i.mdegree,.1714963362871842,1.839781865205895
neg10s,p12,yes,stats_brw topic_brw t3 i.mdegree,.1685350352088957,1.807989980799966
neg10s,p12,yes,stats_brw t2 t3 i.mdegree,.1775278875755167,1.553616559397243
neg10s,p12,yes,topic_brw t2 t3 i.mdegree,.2270967633523646,1.778761512862385
neg10s,p12,yes,stats_brw topic_brw t2 t3 i.mdegree,.1933431715688052,1.920542259595968
neg10s,p56,yes,,-.1472795489586099,-2.537596757270665
neg10s,p56,yes,stats_brw,-.1446447528077754,-2.531152854260807
neg10s,p56,yes,topic_brw,-.1451307623482636,-2.527450862605083
neg10s,p56,yes,t2,-.1474793426689319,-2.583411386753415
neg10s,p56,yes,t3,-.1464219001782696,-2.573314237125973
neg10s,p56,yes,i.mdegree,-.2033841446053217,-2.836397772242293
neg10s,p56,yes,stats_brw topic_brw,-.1340546425926695,-2.489182972189975
neg10s,p56,yes,stats_brw t2,-.1445666033319068,-2.569421753550429
neg10s,p56,yes,stats_brw t3,-.1434951301817247,-2.564598864907921
neg10s,p56,yes,stats_brw i.mdegree,-.1992542650351459,-2.85389352169436
neg10s,p56,yes,topic_brw t2,-.1453663075252815,-2.583440580537835
neg10s,p56,yes,topic_brw t3,-.1443574785210048,-2.570113865941807
neg10s,p56,yes,topic_brw i.mdegree,-.1993697331253737,-2.707422084775166
neg10s,p56,yes,t2 t3,-.1480639679924483,-2.574098001015417
neg10s,p56,yes,t2 i.mdegree,-.203374645608369,-2.839000373685862
neg10s,p56,yes,t3 i.mdegree,-.2033974612810115,-2.916333183489514
neg10s,p56,yes,stats_brw topic_brw t2,-.1333859416488673,-2.533416352525308
neg10s,p56,yes,stats_brw topic_brw t3,-.1326039792330235,-2.531167868900243
neg10s,p56,yes,stats_brw topic_brw i.mdegree,-.1802409196991202,-2.700842243727201
neg10s,p56,yes,stats_brw t2 t3,-.1450857241627257,-2.559930448975253
neg10s,p56,yes,stats_brw t2 i.mdegree,-.1991845889719555,-2.860690724160543
neg10s,p56,yes,stats_brw t3 i.mdegree,-.1990740299960591,-2.93519448586577
neg10s,p56,yes,topic_brw t2 t3,-.1459362089786384,-2.571293150454092
neg10s,p56,yes,topic_brw t2 i.mdegree,-.1993615935496737,-2.710122332799081
neg10s,p56,yes,topic_brw t3 i.mdegree,-.1991194764086714,-2.790867752400326
neg10s,p56,yes,t2 t3 i.mdegree,-.2035915479845815,-2.912237961696759
neg10s,p56,yes,stats_brw topic_brw t2 t3,-.1338999802985782,-2.520041101390289
neg10s,p56,yes,stats_brw topic_brw t2 i.mdegree,-.1799525568649101,-2.720434273740578
neg10s,p56,yes,stats_brw topic_brw t3 i.mdegree,-.1785500069557222,-2.818514522008206
neg10s,p56,yes,stats_brw t2 t3 i.mdegree,-.1994959413192804,-2.93319763520745
neg10s,p56,yes,topic_brw t2 t3 i.mdegree,-.19920061604281,-2.781161959573608
neg10s,p56,yes,stats_brw topic_brw t2 t3 i.mdegree,-.1788942264336938,-2.817699159028118
neg10s,p12,no,,.0221217775848738,.2150646493509372
neg10s,p56,no,,-.1419753102440331,-2.453897344908583
neg10s,p12,no,stats_brw,.0041761703492784,.0421063701722003
neg10s,p56,no,stats_brw,-.1436867737981815,-2.424580075790098
neg10s,p12,no,topic_brw,.0451959396670224,.4374145020266348
neg10s,p56,no,topic_brw,-.1341268673643817,-2.394611351387721
neg10s,p12,no,t2,.0247629431098807,.2359571638603306
neg10s,p56,no,t2,-.1418922297255647,-2.448915514822393
neg10s,p12,no,t3,.0237844527041582,.232464685927823
neg10s,p56,no,t3,-.1406895133162778,-2.498948164541153
neg10s,p12,no,i.mdegree,.0684443139135684,.5866554353515175
neg10s,p56,no,i.mdegree,-.189236714765513,-2.774327740481353
neg10s,p12,no,stats_brw topic_brw,.0114263334811073,.1176703746074611
neg10s,p56,no,stats_brw topic_brw,-.1314120020736712,-2.370070011108898
neg10s,p12,no,stats_brw t2,.004113616691829,.0396018585286588
neg10s,p56,no,stats_brw t2,-.1436892916586489,-2.413916504778162
neg10s,p12,no,stats_brw t3,.0052432564804045,.0534278649974341
neg10s,p56,no,stats_brw t3,-.1422885366696091,-2.458705224328141
neg10s,p12,no,stats_brw i.mdegree,.0481964051839579,.4494971415612965
neg10s,p56,no,stats_brw i.mdegree,-.1895265924626695,-2.687415171303973
neg10s,p12,no,topic_brw t2,.049930095931765,.4721758276300212
neg10s,p56,no,topic_brw t2,-.1339179550778411,-2.385634692892879
neg10s,p12,no,topic_brw t3,.0466708318193529,.4556531459953402
neg10s,p56,no,topic_brw t3,-.1329432188237922,-2.458883769462231
neg10s,p12,no,topic_brw i.mdegree,.0847032454168539,.7279895979120055
neg10s,p56,no,topic_brw i.mdegree,-.1810011348606617,-2.59602605232732
neg10s,p12,no,t2 t3,.0428687099796842,.405849324464482
neg10s,p56,no,t2 t3,-.1385440665607219,-2.529756872027277
neg10s,p12,no,t2 i.mdegree,.0724141683748469,.6214624892365336
neg10s,p56,no,t2 i.mdegree,-.1884398501121403,-2.706556059972874
neg10s,p12,no,t3 i.mdegree,.0685678291971076,.5862145776224007
neg10s,p56,no,t3 i.mdegree,-.1891030202697764,-2.874951921636894
neg10s,p12,no,stats_brw topic_brw t2,.0088131195369132,.0877445543756642
neg10s,p56,no,stats_brw topic_brw t2,-.1314959908479955,-2.358749097944506
neg10s,p12,no,stats_brw topic_brw t3,.0127572374813136,.1329120963465231
neg10s,p56,no,stats_brw topic_brw t3,-.1296430536762676,-2.41989788801879
neg10s,p12,no,stats_brw topic_brw i.mdegree,.0714042119510867,.7590754988505583
neg10s,p56,no,stats_brw topic_brw i.mdegree,-.1650928411015431,-2.437401732478685
neg10s,p12,no,stats_brw t2 t3,.0221290659533253,.2129299691931544
neg10s,p56,no,stats_brw t2 t3,-.1404279313060154,-2.484707292261339
neg10s,p12,no,stats_brw t2 i.mdegree,.0472996061571436,.4265500490955166
neg10s,p56,no,stats_brw t2 i.mdegree,-.1896951152324858,-2.622423849592546
neg10s,p12,no,stats_brw t3 i.mdegree,.0484531749734081,.4514443574482852
neg10s,p56,no,stats_brw t3 i.mdegree,-.1892172851061034,-2.770428006030842
neg10s,p12,no,topic_brw t2 t3,.069803807664687,.6748784786130835
neg10s,p56,no,topic_brw t2 t3,-.1301847247688758,-2.508868428727395
neg10s,p12,no,topic_brw t2 i.mdegree,.0903305084954659,.7758811379401492
neg10s,p56,no,topic_brw t2 i.mdegree,-.1798097473998856,-2.514343724480911
neg10s,p12,no,topic_brw t3 i.mdegree,.0853797829047872,.7345131170748012
neg10s,p56,no,topic_brw t3 i.mdegree,-.1803769776467581,-2.70980228809537
neg10s,p12,no,t2 t3 i.mdegree,.0765876306723648,.6475005905827649
neg10s,p56,no,t2 t3 i.mdegree,-.1868656370661008,-2.902836923625323
neg10s,p12,no,stats_brw topic_brw t2 t3,.0276551878804825,.2824275315987704
neg10s,p56,no,stats_brw topic_brw t2 t3,-.1280442154640579,-2.453940664676855
neg10s,p12,no,stats_brw topic_brw t2 i.mdegree,.0686058574874984,.7036278082242693
neg10s,p56,no,stats_brw topic_brw t2 i.mdegree,-.1655924762950179,-2.376218499335057
neg10s,p12,no,stats_brw topic_brw t3 i.mdegree,.073409134284961,.7860489425561392
neg10s,p56,no,stats_brw topic_brw t3 i.mdegree,-.1627623989709575,-2.54198431115729
neg10s,p12,no,stats_brw t2 t3 i.mdegree,.0490668608180915,.4241894593214093
neg10s,p56,no,stats_brw t2 t3 i.mdegree,-.189055231203529,-2.756302890914812
neg10s,p12,no,topic_brw t2 t3 i.mdegree,.099881598764188,.8560817415468766
neg10s,p56,no,topic_brw t2 t3 i.mdegree,-.1761029605438784,-2.71240627189389
neg10s,p12,no,stats_brw topic_brw t2 t3 i.mdegree,.080932417966097,.787215200951369
neg10s,p56,no,stats_brw topic_brw t2 t3 i.mdegree,-.1606564987281932,-2.499739833732678
neg10s,group1,yes,,.1439544575297236,1.334107764322165
neg10s,group1,yes,stats_brw,.1375852264196181,1.333366028413101
neg10s,group1,yes,topic_brw,.1547684303773701,1.410115581923025
neg10s,group1,yes,t2,.1520276228609531,1.394580322912385
neg10s,group1,yes,t3,.1422999283874671,1.343201506728474
neg10s,group1,yes,i.mdegree,.2194818441452425,1.6297805686694
neg10s,group1,yes,stats_brw topic_brw,.1330133674826077,1.317415556750471
neg10s,group1,yes,stats_brw t2,.1453583458256388,1.393222507122791
neg10s,group1,yes,stats_brw t3,.1351294136448749,1.344260705051305
neg10s,group1,yes,stats_brw i.mdegree,.2059363416158707,1.63981701359658
neg10s,group1,yes,topic_brw t2,.1642022067213441,1.481072855241066
neg10s,group1,yes,topic_brw t3,.1533867411441284,1.42210330048061
neg10s,group1,yes,topic_brw i.mdegree,.2302076087378103,1.681436565171691
neg10s,group1,yes,t2 t3,.158241910222142,1.422316511868702
neg10s,group1,yes,t2 i.mdegree,.230803671698923,1.707239805847728
neg10s,group1,yes,t3 i.mdegree,.2191301298995953,1.64735747194392
neg10s,group1,yes,stats_brw topic_brw t2,.1383234971178437,1.362703484676916
neg10s,group1,yes,stats_brw topic_brw t3,.1299245865806223,1.321983699886959
neg10s,group1,yes,stats_brw topic_brw i.mdegree,.2041058205928104,1.690794870619409
neg10s,group1,yes,stats_brw t2 t3,.1513640104680236,1.418716246804517
neg10s,group1,yes,stats_brw t2 i.mdegree,.2161165410707421,1.71456892536864
neg10s,group1,yes,stats_brw t3 i.mdegree,.2053918834596304,1.664089613504155
neg10s,group1,yes,topic_brw t2 t3,.1701867524710983,1.50055876824878
neg10s,group1,yes,topic_brw t2 i.mdegree,.2423928422364726,1.761511111467086
neg10s,group1,yes,topic_brw t3 i.mdegree,.2297270768533243,1.701257340994879
neg10s,group1,yes,t2 t3 i.mdegree,.2370561351355488,1.730178077915089
neg10s,group1,yes,stats_brw topic_brw t2 t3,.1443589790437299,1.387822151485131
neg10s,group1,yes,stats_brw topic_brw t2 i.mdegree,.2112612907380562,1.747039886987253
neg10s,group1,yes,stats_brw topic_brw t3 i.mdegree,.2025579406947956,1.730932483046467
neg10s,group1,yes,stats_brw t2 t3 i.mdegree,.2224263916614888,1.724143471334401
neg10s,group1,yes,topic_brw t2 t3 i.mdegree,.2509843036487526,1.794865189997265
neg10s,group1,yes,stats_brw topic_brw t2 t3 i.mdegree,.2201511367415966,1.777208265599556
neg10s,group3,yes,,-.1180155529953923,-3.01117585692903
neg10s,group3,yes,stats_brw,-.1151215195065317,-2.993188123171293
neg10s,group3,yes,topic_brw,-.1185621481559441,-3.061213326735368
neg10s,group3,yes,t2,-.1233449991566881,-2.964723357235963
neg10s,group3,yes,t3,-.1234190083571716,-2.887487645385041
neg10s,group3,yes,i.mdegree,-.1628174222344101,-3.257335973796878
neg10s,group3,yes,stats_brw topic_brw,-.108614299006182,-2.958935338749381
neg10s,group3,yes,stats_brw t2,-.1205409023128909,-2.976916565974524
neg10s,group3,yes,stats_brw t3,-.1205329913306185,-2.886662490858885
neg10s,group3,yes,stats_brw i.mdegree,-.1563604194322889,-3.272135608932937
neg10s,group3,yes,topic_brw t2,-.1238140519490675,-2.991880809708873
neg10s,group3,yes,topic_brw t3,-.12375709518666,-2.910078217425757
neg10s,group3,yes,topic_brw i.mdegree,-.1613986498673618,-3.206716531513645
neg10s,group3,yes,t2 t3,-.1242807741485535,-2.935216257251951
neg10s,group3,yes,t2 i.mdegree,-.1772402915962953,-3.115841126704111
neg10s,group3,yes,t3 i.mdegree,-.1686142285290835,-3.078867291071206
neg10s,group3,yes,stats_brw topic_brw t2,-.1144410726567043,-2.938963215027347
neg10s,group3,yes,stats_brw topic_brw t3,-.1142504944558945,-2.842163051274321
neg10s,group3,yes,stats_brw topic_brw i.mdegree,-.1425091901032029,-3.124824101993565
neg10s,group3,yes,stats_brw t2 t3,-.1214135769368529,-2.948045365500805
neg10s,group3,yes,stats_brw t2 i.mdegree,-.1711708472298198,-3.178464865365211
neg10s,group3,yes,stats_brw t3 i.mdegree,-.1621924434656648,-3.099181078703868
neg10s,group3,yes,topic_brw t2 t3,-.1246877061769479,-2.956998563044798
neg10s,group3,yes,topic_brw t2 i.mdegree,-.1756820784934898,-3.052296684728689
neg10s,group3,yes,topic_brw t3 i.mdegree,-.1676195959499413,-3.051793229672608
neg10s,group3,yes,t2 t3 i.mdegree,-.1771514046107891,-3.135123609540276
neg10s,group3,yes,stats_brw topic_brw t2 t3,-.115321457951192,-2.90483388520301
neg10s,group3,yes,stats_brw topic_brw t2 i.mdegree,-.1577290253403161,-3.05865762385525
neg10s,group3,yes,stats_brw topic_brw t3 i.mdegree,-.1492076488153762,-3.007119176847056
neg10s,group3,yes,stats_brw t2 t3 i.mdegree,-.1711104137978449,-3.196615360782819
neg10s,group3,yes,topic_brw t2 t3 i.mdegree,-.1755062582681683,-3.076570915799135
neg10s,group3,yes,stats_brw topic_brw t2 t3 i.mdegree,-.1573042529959991,-3.098709865500518
neg10s,group1,no,,.0957145701769326,.8625770188272178
neg10s,group3,no,,-.0964797747055821,-2.637292030210819
neg10s,group1,no,stats_brw,.0906939114627145,.8512047258818178
neg10s,group3,no,stats_brw,-.0958727389779732,-2.572405404603886
neg10s,group1,no,topic_brw,.1070909291470166,.9527730779810266
neg10s,group3,no,topic_brw,-.0945383211259443,-2.692038817095722
neg10s,group1,no,t2,.0902579783010236,.79520083662232
neg10s,group3,no,t2,-.0993685586398869,-2.588598684584331
neg10s,group1,no,t3,.0887576804915482,.8231247990545154
neg10s,group3,no,t3,-.1022593445980554,-2.576229927833196
neg10s,group1,no,i.mdegree,.1605514685649292,1.226775216478074
neg10s,group3,no,i.mdegree,-.1350188034369789,-3.228351025233063
neg10s,group1,no,stats_brw topic_brw,.0893979316705789,.8555257258516148
neg10s,group3,no,stats_brw topic_brw,-.0896737041462957,-2.514234639772434
neg10s,group1,no,stats_brw t2,.0833354902938648,.7661622377918216
neg10s,group3,no,stats_brw t2,-.0994731682762285,-2.566610678074205
neg10s,group1,no,stats_brw t3,.0822911779974098,.8015772784705623
neg10s,group3,no,stats_brw t3,-.1019219784102429,-2.538937546100016
neg10s,group1,no,stats_brw i.mdegree,.1514597252154349,1.214463047814928
neg10s,group3,no,stats_brw i.mdegree,-.1319992702103278,-3.048601849713365
neg10s,group1,no,topic_brw t2,.1036527209129757,.9035895748019352
neg10s,group3,no,topic_brw t2,-.096340596124298,-2.615751242765522
neg10s,group1,no,topic_brw t3,.1005703392936049,.9194723184226508
neg10s,group3,no,topic_brw t3,-.0998250305913884,-2.590625966535384
neg10s,group1,no,topic_brw i.mdegree,.1715336296338969,1.29534735903398
neg10s,group3,no,topic_brw i.mdegree,-.1312951790188477,-3.22552955222399
neg10s,group1,no,t2 t3,.0965246519627854,.8379396029203499
neg10s,group3,no,t2 t3,-.0989028016786793,-2.609089521306518
neg10s,group1,no,t2 i.mdegree,.149608950827534,1.15979921862553
neg10s,group3,no,t2 i.mdegree,-.1426287186262154,-3.168636900577408
neg10s,group1,no,t3 i.mdegree,.156604021434157,1.245564422109269
neg10s,group3,no,t3 i.mdegree,-.1402735789458863,-3.089843705307416
neg10s,group1,no,stats_brw topic_brw t2,.0798087931335008,.7525965820597755
neg10s,group3,no,stats_brw topic_brw t2,-.0943283238847569,-2.522677793870486
neg10s,group1,no,stats_brw topic_brw t3,.0803619173552509,.7978773596445522
neg10s,group3,no,stats_brw topic_brw t3,-.0961166774836974,-2.477471768440309
neg10s,group1,no,stats_brw topic_brw i.mdegree,.1560685506254034,1.295728230740738
neg10s,group3,no,stats_brw topic_brw i.mdegree,-.117023839913849,-2.807716982476884
neg10s,group1,no,stats_brw t2 t3,.0894082224363704,.8086140539826782
neg10s,group3,no,stats_brw t2 t3,-.0990053382342728,-2.583197593346227
neg10s,group1,no,stats_brw t2 i.mdegree,.1375511830121908,1.116253793359089
neg10s,group3,no,stats_brw t2 i.mdegree,-.141020872256984,-3.016951382403913
neg10s,group1,no,stats_brw t3 i.mdegree,.147196219013132,1.233331466355849
neg10s,group3,no,stats_brw t3 i.mdegree,-.1373507221196383,-2.941234405139181
neg10s,group1,no,topic_brw t2 t3,.1096937706970862,.940737492371971
neg10s,group3,no,topic_brw t2 t3,-.0959027233752479,-2.64655152559316
neg10s,group1,no,topic_brw t2 i.mdegree,.1622155722456958,1.245619137737929
neg10s,group3,no,topic_brw t2 i.mdegree,-.1377131955829674,-3.156561469450134
neg10s,group1,no,topic_brw t3 i.mdegree,.1675004044291752,1.316756985472376
neg10s,group3,no,topic_brw t3 i.mdegree,-.1370593413786188,-3.104580296322411
neg10s,group1,no,t2 t3 i.mdegree,.1551292348239408,1.178483514776748
neg10s,group3,no,t2 t3 i.mdegree,-.1411531267127064,-3.229937198297684
neg10s,group1,no,stats_brw topic_brw t2 t3,.0859251872828857,.7965999402949852
neg10s,group3,no,stats_brw topic_brw t2 t3,-.0938525313154625,-2.543220699990298
neg10s,group1,no,stats_brw topic_brw t2 i.mdegree,.1414303006617431,1.184005620147313
neg10s,group3,no,stats_brw topic_brw t2 i.mdegree,-.1264828958660018,-2.773784214484865
neg10s,group1,no,stats_brw topic_brw t3 i.mdegree,.1505641341232824,1.320602615129016
neg10s,group3,no,stats_brw topic_brw t3 i.mdegree,-.1235651424569921,-2.771085807970111
neg10s,group1,no,stats_brw t2 t3 i.mdegree,.1429687930314194,1.129626907031745
neg10s,group3,no,stats_brw t2 t3 i.mdegree,-.1396950514320874,-3.078848302679621
neg10s,group1,no,topic_brw t2 t3 i.mdegree,.1701779823977413,1.275478882677596
neg10s,group3,no,topic_brw t2 t3 i.mdegree,-.135489494175543,-3.218213067145476
neg10s,group1,no,stats_brw topic_brw t2 t3 i.mdegree,.1499766513090881,1.217558534117771
neg10s,group3,no,stats_brw topic_brw t2 t3 i.mdegree,-.123896728818097,-2.816238695308059
pos10s,proindex,yes,,.0002313266873795,.0179362550132639
pos10s,proindex,yes,stats_brw,.0007535242577408,.0598238331117931
pos10s,proindex,yes,topic_brw,.0005923622417704,.046026173142936
pos10s,proindex,yes,t2,-.0004350848195658,-.0346981997074523
pos10s,proindex,yes,t3,.0003226656289471,.0249195072720989
pos10s,proindex,yes,i.mdegree,.0225762554316112,1.782092139406099
pos10s,proindex,yes,stats_brw topic_brw,-.0010595647056118,-.0800815818085117
pos10s,proindex,yes,stats_brw t2,.0000713481698333,.0058826209588227
pos10s,proindex,yes,stats_brw t3,.0007670102832762,.0604082961853059
pos10s,proindex,yes,stats_brw i.mdegree,.0219515571735675,1.77923378699183
pos10s,proindex,yes,topic_brw t2,-.0000446296794624,-.003560997372597
pos10s,proindex,yes,topic_brw t3,.0006740282682392,.0520747473601594
pos10s,proindex,yes,topic_brw i.mdegree,.0221960390183843,1.753624627267347
pos10s,proindex,yes,t2 t3,.0002060932501199,.0166347894512964
pos10s,proindex,yes,t2 i.mdegree,.0222991996108782,1.785830872798572
pos10s,proindex,yes,t3 i.mdegree,.0225656145014286,1.779853098466272
pos10s,proindex,yes,stats_brw topic_brw t2,-.001939790169998,-.1512015848612195
pos10s,proindex,yes,stats_brw topic_brw t3,-.0010636273605325,-.07914681213241
pos10s,proindex,yes,stats_brw topic_brw i.mdegree,.0199383271522988,1.67581809645247
pos10s,proindex,yes,stats_brw t2 t3,.0006744695453844,.0561280468396266
pos10s,proindex,yes,stats_brw t2 i.mdegree,.0215955357377466,1.78475268914279
pos10s,proindex,yes,stats_brw t3 i.mdegree,.0219502729657819,1.77781337416087
pos10s,proindex,yes,topic_brw t2 t3,.0005316854635489,.0429385138164117
pos10s,proindex,yes,topic_brw t2 i.mdegree,.0219192018302824,1.756128338570881
pos10s,proindex,yes,topic_brw t3 i.mdegree,.0221996180805318,1.753588422816935
pos10s,proindex,yes,t2 t3 i.mdegree,.0219534889230924,1.76689185963869
pos10s,proindex,yes,stats_brw topic_brw t2 t3,-.0013469632736529,-.1069983786073334
pos10s,proindex,yes,stats_brw topic_brw t2 i.mdegree,.0194549905044195,1.671983401108619
pos10s,proindex,yes,stats_brw topic_brw t3 i.mdegree,.0199635007411671,1.68083676074703
pos10s,proindex,yes,stats_brw t2 t3 i.mdegree,.0212243461678568,1.764189975703424
pos10s,proindex,yes,topic_brw t2 t3 i.mdegree,.0216367177575585,1.743352809616197
pos10s,proindex,yes,stats_brw topic_brw t2 t3 i.mdegree,.0192454662580507,1.671417817263606
pos10s,p12,yes,,-.0218883967398028,-.3371613824400853
pos10s,p12,yes,stats_brw,-.0285123855637892,-.513046197476335
pos10s,p12,yes,topic_brw,-.0371016194196968,-.5639811107949974
pos10s,p12,yes,t2,-.0171842055288594,-.2512980508826158
pos10s,p12,yes,t3,-.0227382005655137,-.3552024113492483
pos10s,p12,yes,i.mdegree,-.1211955262544501,-2.31959155521481
pos10s,p12,yes,stats_brw topic_brw,-.0282805200754282,-.4538932940044894
pos10s,p12,yes,stats_brw t2,-.0241769314357256,-.4228712941069886
pos10s,p12,yes,stats_brw t3,-.0286645171218413,-.517012055281705
pos10s,p12,yes,stats_brw i.mdegree,-.1175766380211604,-2.322149860135013
pos10s,p12,yes,topic_brw t2,-.0337772796136555,-.4885166912127584
pos10s,p12,yes,topic_brw t3,-.0377926448203019,-.5812767466323916
pos10s,p12,yes,topic_brw i.mdegree,-.1286295504336996,-2.435963841793119
pos10s,p12,yes,t2 t3,-.025385417893128,-.3702482085877315
pos10s,p12,yes,t2 i.mdegree,-.1222265166602595,-2.309604996038334
pos10s,p12,yes,t3 i.mdegree,-.1209447794200826,-2.3158096682261
pos10s,p12,yes,stats_brw topic_brw t2,-.0225401449684132,-.3544963776460367
pos10s,p12,yes,stats_brw topic_brw t3,-.0284462787902741,-.4554685626433305
pos10s,p12,yes,stats_brw topic_brw i.mdegree,-.121476641598927,-2.636945553331037
pos10s,p12,yes,stats_brw t2 t3,-.032958835437449,-.5821261501630648
pos10s,p12,yes,stats_brw t2 i.mdegree,-.1178794655905122,-2.308727908330037
pos10s,p12,yes,stats_brw t3 i.mdegree,-.1174007582284455,-2.317530039993218
pos10s,p12,yes,topic_brw t2 t3,-.042773142301381,-.6118262279119595
pos10s,p12,yes,topic_brw t2 i.mdegree,-.1302958221440242,-2.441308420862767
pos10s,p12,yes,topic_brw t3 i.mdegree,-.1283502491147576,-2.42891578502122
pos10s,p12,yes,t2 t3 i.mdegree,-.1189248722602187,-2.221966776549252
pos10s,p12,yes,stats_brw topic_brw t2 t3,-.0314070663038553,-.5100482830931671
pos10s,p12,yes,stats_brw topic_brw t2 i.mdegree,-.1206184152424342,-2.616497642715765
pos10s,p12,yes,stats_brw topic_brw t3 i.mdegree,-.1214181695530641,-2.632819506102855
pos10s,p12,yes,stats_brw t2 t3 i.mdegree,-.1140315864877556,-2.219424371620467
pos10s,p12,yes,topic_brw t2 t3 i.mdegree,-.1284434135076729,-2.360246791694937
pos10s,p12,yes,stats_brw topic_brw t2 t3 i.mdegree,-.1190863634175409,-2.535240322730639
pos10s,p56,yes,,-.0211349419804655,-.5356955982152692
pos10s,p56,yes,stats_brw,-.0205356029176507,-.5155999431916943
pos10s,p56,yes,topic_brw,-.0229584276806175,-.5840436131715019
pos10s,p56,yes,t2,-.0226071695462761,-.5815208410223424
pos10s,p56,yes,t3,-.0220171330932517,-.5540423409347737
pos10s,p56,yes,i.mdegree,.0201385725534556,.6019602024964835
pos10s,p56,yes,stats_brw topic_brw,-.026417801998468,-.6606837127231158
pos10s,p56,yes,stats_brw t2,-.022028251912822,-.5614487770231339
pos10s,p56,yes,stats_brw t3,-.021501159232034,-.5349054286522115
pos10s,p56,yes,stats_brw i.mdegree,.0188504231769972,.560590571655312
pos10s,p56,yes,topic_brw t2,-.0243968897141679,-.6286693738895284
pos10s,p56,yes,topic_brw t3,-.0237662809559361,-.5995565618845231
pos10s,p56,yes,topic_brw i.mdegree,.0182295348369786,.5403287995998242
pos10s,p56,yes,t2 t3,-.0223335630726258,-.5801514217420811
pos10s,p56,yes,t2 i.mdegree,.0200894322153389,.608188351542153
pos10s,p56,yes,t3 i.mdegree,.0208993930022865,.6154895085931339
pos10s,p56,yes,stats_brw topic_brw t2,-.0283114367143747,-.7144437584136802
pos10s,p56,yes,stats_brw topic_brw t3,-.0275733110277105,-.6801531278847361
pos10s,p56,yes,stats_brw topic_brw i.mdegree,.0114765928032233,.3303014069854494
pos10s,p56,yes,stats_brw t2 t3,-.0218090581674336,-.5605985959923997
pos10s,p56,yes,stats_brw t2 i.mdegree,.0187123382069378,.5637092855712401
pos10s,p56,yes,stats_brw t3 i.mdegree,.0195726897241854,.574400094630103
pos10s,p56,yes,topic_brw t2 t3,-.0241450591899543,-.6287266674204051
pos10s,p56,yes,topic_brw t2 i.mdegree,.0181858091681769,.545904969468656
pos10s,p56,yes,topic_brw t3 i.mdegree,.0189578967006494,.5527562587474395
pos10s,p56,yes,t2 t3 i.mdegree,.0222400656516552,.6625456356889794
pos10s,p56,yes,stats_brw topic_brw t2 t3,-.0280929443627898,-.7148338232998894
pos10s,p56,yes,stats_brw topic_brw t2 i.mdegree,.0110985339856916,.3233478193323668
pos10s,p56,yes,stats_brw topic_brw t3 i.mdegree,.0118799072282163,.3362898209753141
pos10s,p56,yes,stats_brw t2 t3 i.mdegree,.0208740428470189,.6195050225423359
pos10s,p56,yes,topic_brw t2 t3 i.mdegree,.0204302729694552,.6021480424979566
pos10s,p56,yes,stats_brw topic_brw t2 t3 i.mdegree,.0132570617174264,.3798045363620479
pos10s,p12,no,,-.0406855673593954,-.5571280168985187
pos10s,p56,no,,-.030890304572113,-.6991020992035931
pos10s,p12,no,stats_brw,-.0483094381584597,-.7731893786746533
pos10s,p56,no,stats_brw,-.0316173893033699,-.7179121876039917
pos10s,p12,no,topic_brw,-.0611044561508698,-.8105970732958702
pos10s,p56,no,topic_brw,-.0378355830951335,-.8453395466799442
pos10s,p12,no,t2,-.0360684136051211,-.464543747204803
pos10s,p56,no,t2,-.0307450673561484,-.6954043634302465
pos10s,p12,no,t3,-.0424375733909758,-.5885519011888779
pos10s,p56,no,t3,-.0322451837945701,-.7243196583659021
pos10s,p12,no,i.mdegree,-.1243457365233372,-2.129792626747764
pos10s,p56,no,i.mdegree,-.0055636732980366,-.1486827018515013
pos10s,p12,no,stats_brw topic_brw,-.0523957810138928,-.7446741977707674
pos10s,p56,no,stats_brw topic_brw,-.038535706150383,-.868648580941327
pos10s,p12,no,stats_brw t2,-.0441837395630058,-.6708805645730316
pos10s,p56,no,stats_brw t2,-.0314513249385137,-.7130376861240596
pos10s,p12,no,stats_brw t3,-.0492359986656843,-.7899929647735778
pos10s,p56,no,stats_brw t3,-.032831491206937,-.7395016219463145
pos10s,p12,no,stats_brw i.mdegree,-.1207028820635202,-2.128747710100854
pos10s,p56,no,stats_brw i.mdegree,-.0055115206399033,-.1469208523628207
pos10s,p12,no,topic_brw t2,-.0580162898317258,-.725969992496856
pos10s,p56,no,topic_brw t2,-.0376993062485591,-.8399034605518236
pos10s,p12,no,topic_brw t3,-.0626726271963007,-.839834314154159
pos10s,p56,no,topic_brw t3,-.0390940909571396,-.8661273992024882
pos10s,p12,no,topic_brw i.mdegree,-.1352968560607044,-2.272665530404387
pos10s,p56,no,topic_brw i.mdegree,-.0111107057078441,-.2902570546919842
pos10s,p12,no,t2 t3,-.0468831376557211,-.5734757592899675
pos10s,p56,no,t2 t3,-.0327449528602829,-.7088590459097652
pos10s,p12,no,t2 i.mdegree,-.1257740668826148,-2.092439766950762
pos10s,p56,no,t2 i.mdegree,-.0058503805281754,-.1540739899799917
pos10s,p12,no,t3 i.mdegree,-.123727252003798,-2.113629747380421
pos10s,p56,no,t3 i.mdegree,-.0048942178785013,-.1293762281748625
pos10s,p12,no,stats_brw topic_brw t2,-.0468454250574678,-.6451827838325684
pos10s,p56,no,stats_brw topic_brw t2,-.0383573175439393,-.8657097544144482
pos10s,p12,no,stats_brw topic_brw t3,-.0534883123986443,-.7604122642610872
pos10s,p56,no,stats_brw topic_brw t3,-.0399878256435017,-.8934702450523715
pos10s,p12,no,stats_brw topic_brw i.mdegree,-.1309546564633127,-2.49924022913049
pos10s,p56,no,stats_brw topic_brw i.mdegree,-.0163048415774802,-.4156386343501143
pos10s,p12,no,stats_brw t2 t3,-.0558074873066372,-.7870333016451222
pos10s,p56,no,stats_brw t2 t3,-.0335555872019652,-.7260001848371072
pos10s,p12,no,stats_brw t2 i.mdegree,-.1213219748621935,-2.082845097738625
pos10s,p56,no,stats_brw t2 i.mdegree,-.0056278580021063,-.1480918392065387
pos10s,p12,no,stats_brw t3 i.mdegree,-.1201736736940068,-2.113132132476138
pos10s,p56,no,stats_brw t3 i.mdegree,-.0048740311509828,-.1286581627871538
pos10s,p12,no,topic_brw t2 t3,-.0702540148721042,-.826304275430875
pos10s,p56,no,topic_brw t2 t3,-.0399981343007866,-.8507630750964112
pos10s,p12,no,topic_brw t2 i.mdegree,-.1377908306503746,-2.251637104686341
pos10s,p56,no,topic_brw t2 i.mdegree,-.0116387226162628,-.2992666580519266
pos10s,p12,no,topic_brw t3 i.mdegree,-.1347729305780545,-2.251885356427687
pos10s,p56,no,topic_brw t3 i.mdegree,-.0106273446593045,-.2740037736568116
pos10s,p12,no,t2 t3 i.mdegree,-.1218526396453868,-1.941963391311953
pos10s,p56,no,t2 t3 i.mdegree,-.0043712340843199,-.1108576298064537
pos10s,p12,no,stats_brw topic_brw t2 t3,-.0589388434377452,-.7804136040659266
pos10s,p56,no,stats_brw topic_brw t2 t3,-.040572773040201,-.8773826085602584
pos10s,p12,no,stats_brw topic_brw t2 i.mdegree,-.1307237747188246,-2.44827593408006
pos10s,p56,no,stats_brw topic_brw t2 i.mdegree,-.0162636185492406,-.4113454592785156
pos10s,p12,no,stats_brw topic_brw t3 i.mdegree,-.1309322632490431,-2.481959005651634
pos10s,p56,no,stats_brw topic_brw t3 i.mdegree,-.0162788125941668,-.4101797020360005
pos10s,p12,no,stats_brw t2 t3 i.mdegree,-.1167245637709523,-1.928092876294657
pos10s,p56,no,stats_brw t2 t3 i.mdegree,-.0039632365998598,-.1007205786234509
pos10s,p12,no,topic_brw t2 t3 i.mdegree,-.1364850231489757,-2.096446808646327
pos10s,p56,no,topic_brw t2 t3 i.mdegree,-.0111319375324161,-.2723069647809104
pos10s,p12,no,stats_brw topic_brw t2 t3 i.mdegree,-.1303656034399976,-2.292108560115402
pos10s,p56,no,stats_brw topic_brw t2 t3 i.mdegree,-.0161201944853713,-.3907684173928213
pos10s,group1,yes,,-.0302060220743013,-.779376430278324
pos10s,group1,yes,stats_brw,-.0344830069415309,-1.059188417700858
pos10s,group1,yes,topic_brw,-.0376675945776609,-.9847476929841037
pos10s,group1,yes,t2,-.0277682444349108,-.672175642930387
pos10s,group1,yes,t3,-.0283596295858296,-.7207861979194413
pos10s,group1,yes,i.mdegree,-.0869435044519627,-2.509529968671652
pos10s,group1,yes,stats_brw topic_brw,-.0322563366431069,-.9278332531701432
pos10s,group1,yes,stats_brw t2,-.0326149371823328,-.9649843309607876
pos10s,group1,yes,stats_brw t3,-.0323803247499177,-.9628030740460555
pos10s,group1,yes,stats_brw i.mdegree,-.0839345108144082,-2.488135954013321
pos10s,group1,yes,topic_brw t2,-.036032703254975,-.8847870070091579
pos10s,group1,yes,topic_brw t3,-.0359784031636701,-.9226738976119651
pos10s,group1,yes,topic_brw i.mdegree,-.0908414765850545,-2.628821247756466
pos10s,group1,yes,t2 t3,-.0303025404488889,-.7664553935360101
pos10s,group1,yes,t2 i.mdegree,-.0866100003177327,-2.478748908600443
pos10s,group1,yes,t3 i.mdegree,-.0874835468106799,-2.560103957892423
pos10s,group1,yes,stats_brw topic_brw t2,-.0291450280207323,-.8240959536841544
pos10s,group1,yes,stats_brw topic_brw t3,-.029835670303412,-.8220423422359232
pos10s,group1,yes,stats_brw topic_brw i.mdegree,-.0833475656425104,-2.601793457366717
pos10s,group1,yes,stats_brw t2 t3,-.0349822680713003,-1.080071087143173
pos10s,group1,yes,stats_brw t2 i.mdegree,-.0830043354968645,-2.459840214913415
pos10s,group1,yes,stats_brw t3 i.mdegree,-.0845598503433363,-2.539097721533675
pos10s,group1,yes,topic_brw t2 t3,-.0384298443003424,-.9788110523573766
pos10s,group1,yes,topic_brw t2 i.mdegree,-.0907608904989835,-2.60891620845628
pos10s,group1,yes,topic_brw t3 i.mdegree,-.0911937346659466,-2.667572398965635
pos10s,group1,yes,t2 t3 i.mdegree,-.0839685710167885,-2.462239225080036
pos10s,group1,yes,stats_brw topic_brw t2 t3,-.0315274933582919,-.9407271062698737
pos10s,group1,yes,stats_brw topic_brw t2 i.mdegree,-.0814205960057009,-2.539856963427841
pos10s,group1,yes,stats_brw topic_brw t3 i.mdegree,-.0836858100654722,-2.641105143575292
pos10s,group1,yes,stats_brw t2 t3 i.mdegree,-.0800346525832573,-2.443896470898985
pos10s,group1,yes,topic_brw t2 t3 i.mdegree,-.0884293997329385,-2.586596512046698
pos10s,group1,yes,stats_brw topic_brw t2 t3 i.mdegree,-.0793370140007945,-2.537982538491057
pos10s,group3,yes,,-.0020820532514082,-.0688677766360275
pos10s,group3,yes,stats_brw,-.0012203367390212,-.0402093934511096
pos10s,group3,yes,topic_brw,-.0016648567364232,-.0558049317502535
pos10s,group3,yes,t2,-.000171005041135,-.0055303210569924
pos10s,group3,yes,t3,.0000780096098117,.0026724163987145
pos10s,group3,yes,i.mdegree,.0324289084635767,1.109171686443039
pos10s,group3,yes,stats_brw topic_brw,-.0046173927016372,-.1517339000270479
pos10s,group3,yes,stats_brw t2,.0005674837110558,.0182270680671737
pos10s,group3,yes,stats_brw t3,.0007609364735232,.0259189806950652
pos10s,group3,yes,stats_brw i.mdegree,.0303493065022444,1.034939103392308
pos10s,group3,yes,topic_brw t2,.0001877622246967,.0061446667469525
pos10s,group3,yes,topic_brw t3,.0003381144703885,.0117394163936862
pos10s,group3,yes,topic_brw i.mdegree,.0319004048251415,1.08718343720986
pos10s,group3,yes,t2 t3,.0002434500803983,.0080085404032769
pos10s,group3,yes,t2 i.mdegree,.0391857287387196,1.345335519110017
pos10s,group3,yes,t3 i.mdegree,.0320110746436116,1.083926569928661
pos10s,group3,yes,stats_brw topic_brw t2,-.0026053288207566,-.0840735781590859
pos10s,group3,yes,stats_brw topic_brw t3,-.0025094546130233,-.0856238510535376
pos10s,group3,yes,stats_brw topic_brw i.mdegree,.0254798950630487,.8384133341064279
pos10s,group3,yes,stats_brw t2 t3,.0009196081941766,.0300086563703746
pos10s,group3,yes,stats_brw t2 i.mdegree,.0371902439253383,1.274775271832619
pos10s,group3,yes,stats_brw t3 i.mdegree,.0299648018246448,1.010847099918343
pos10s,group3,yes,topic_brw t2 t3,.0005561639375395,.0185158548304115
pos10s,group3,yes,topic_brw t2 i.mdegree,.0386075560903399,1.319363696085025
pos10s,group3,yes,topic_brw t3 i.mdegree,.031665663139904,1.070620507078888
pos10s,group3,yes,t2 t3 i.mdegree,.0393585096015376,1.348672745242983
pos10s,group3,yes,stats_brw topic_brw t2 t3,-.0022482510934312,-.0737227186085977
pos10s,group3,yes,stats_brw topic_brw t2 i.mdegree,.0324475419520274,1.07846977531491
pos10s,group3,yes,stats_brw topic_brw t3 i.mdegree,.0256056272985453,.8399212788505377
pos10s,group3,yes,stats_brw t2 t3 i.mdegree,.0373224416669568,1.274602246897002
pos10s,group3,yes,topic_brw t2 t3 i.mdegree,.0388316692020116,1.325146522915264
pos10s,group3,yes,stats_brw topic_brw t2 t3 i.mdegree,.0328028083598173,1.089689639250146
pos10s,group1,no,,-.0352079421971893,-.8040150798969196
pos10s,group3,no,,-.0100038402457759,-.2982037128136837
pos10s,group1,no,stats_brw,-.0391431679453195,-1.023514534405428
pos10s,group3,no,stats_brw,-.009528041598368,-.2821502018301854
pos10s,group1,no,topic_brw,-.0434194525392887,-.9922335404461941
pos10s,group3,no,topic_brw,-.0114051907296895,-.3416241347403935
pos10s,group1,no,t2,-.0333878750019883,-.6706930509296543
pos10s,group3,no,t2,-.0090402752600812,-.2484110556030842
pos10s,group1,no,t3,-.0323577985222315,-.7209492252920249
pos10s,group3,no,t3,-.0076360285773494,-.2329927842897208
pos10s,group1,no,i.mdegree,-.0787400103757324,-1.985140134283191
pos10s,group3,no,i.mdegree,.0187955013567737,.5918680108759988
pos10s,group1,no,stats_brw topic_brw,-.0384660008093992,-.9558971130235553
pos10s,group3,no,stats_brw topic_brw,-.0127671219358166,-.3788642304197599
pos10s,group1,no,stats_brw t2,-.0382979340182664,-.8871647293795139
pos10s,group3,no,stats_brw t2,-.0091144739423436,-.2486085353337984
pos10s,group1,no,stats_brw t3,-.0362341411070476,-.9187759095715845
pos10s,group3,no,stats_brw t3,-.0074337945379006,-.225717784628013
pos10s,group1,no,stats_brw i.mdegree,-.0764864247416164,-1.97233420265437
pos10s,group3,no,stats_brw i.mdegree,.0180470446043407,.5687551008978268
pos10s,group1,no,topic_brw t2,-.0430933686353937,-.8638348524659804
pos10s,group3,no,topic_brw t2,-.0112342607489114,-.309148789036146
pos10s,group1,no,topic_brw t3,-.0409560405692475,-.9108288237661801
pos10s,group3,no,topic_brw t3,-.0094079261152787,-.2885048166693342
pos10s,group1,no,topic_brw i.mdegree,-.0831031384892685,-2.081886458291121
pos10s,group3,no,topic_brw i.mdegree,.0173161340190549,.540914818930055
pos10s,group1,no,t2 t3,-.0360681552049652,-.7324878615369959
pos10s,group3,no,t2 t3,-.0092394812870586,-.253010203679908
pos10s,group1,no,t2 i.mdegree,-.0740557230429639,-1.776489313269749
pos10s,group3,no,t2 i.mdegree,.0220531638234802,.6636144288025645
pos10s,group1,no,t3 i.mdegree,-.0796389884307794,-2.007099392740405
pos10s,group3,no,t3 i.mdegree,.0175987968259186,.5426869680316336
pos10s,group1,no,stats_brw topic_brw t2,-.0364611856460539,-.8373841846671243
pos10s,group3,no,stats_brw topic_brw t2,-.0117939738062749,-.3289267555821274
pos10s,group1,no,stats_brw topic_brw t3,-.0352288147803487,-.8417450553050698
pos10s,group3,no,stats_brw topic_brw t3,-.0104589025654686,-.3196278191374011
pos10s,group1,no,stats_brw topic_brw i.mdegree,-.0781251381394469,-2.112337286476083
pos10s,group3,no,stats_brw topic_brw i.mdegree,.0127223824437743,.3897893462683548
pos10s,group1,no,stats_brw t2 t3,-.0408068989653586,-.9428811256589014
pos10s,group3,no,stats_brw t2 t3,-.009307759130776,-.2530295959562345
pos10s,group1,no,stats_brw t2 i.mdegree,-.0709489091572829,-1.752238294929851
pos10s,group3,no,stats_brw t2 i.mdegree,.0216388848704875,.6522736259051189
pos10s,group1,no,stats_brw t3 i.mdegree,-.0773981916660533,-1.993656369641849
pos10s,group3,no,stats_brw t3 i.mdegree,.0169026163762339,.5213779153882215
pos10s,group1,no,topic_brw t2 t3,-.0456322047416747,-.9194152996274672
pos10s,group3,no,topic_brw t2 t3,-.0114182829279984,-.3132789221077311
pos10s,group1,no,topic_brw t2 i.mdegree,-.0790567144489643,-1.882020331590061
pos10s,group3,no,topic_brw t2 i.mdegree,.020103197398704,.5971829534803946
pos10s,group1,no,topic_brw t3 i.mdegree,-.0837548820427749,-2.096030144138566
pos10s,group3,no,topic_brw t3 i.mdegree,.0163846820250162,.5027265260713212
pos10s,group1,no,t2 t3 i.mdegree,-.070638490447522,-1.729130058984039
pos10s,group3,no,t2 t3 i.mdegree,.0229666024776682,.6900181755980602
pos10s,group1,no,stats_brw topic_brw t2 t3,-.0389932060031971,-.9053237529047564
pos10s,group3,no,stats_brw topic_brw t2 t3,-.0119909389530276,-.3336573335434114
pos10s,group1,no,stats_brw topic_brw t2 i.mdegree,-.0723286355193961,-1.879481274966963
pos10s,group3,no,stats_brw topic_brw t2 i.mdegree,.0164680106948272,.4861649326937728
pos10s,group1,no,stats_brw topic_brw t3 i.mdegree,-.078539857092195,-2.122384245746285
pos10s,group3,no,stats_brw topic_brw t3 i.mdegree,.0122295414425064,.3695855213943134
pos10s,group1,no,stats_brw t2 t3 i.mdegree,-.0672055327783376,-1.705175604777064
pos10s,group3,no,stats_brw t2 t3 i.mdegree,.0225549800381013,.6784053431281948
pos10s,group1,no,topic_brw t2 t3 i.mdegree,-.0759168121497138,-1.830833589933098
pos10s,group3,no,topic_brw t2 t3 i.mdegree,.0209800933421043,.6218618917409717
pos10s,group1,no,stats_brw topic_brw t2 t3 i.mdegree,-.0695299353603561,-1.840684414283124
pos10s,group3,no,stats_brw topic_brw t2 t3 i.mdegree,.0173149109013527,.5096611593144159
