"id","peer_mean","peer_N"
"t1m1",3.83333333333333,6
"t1m2",3.83333333333333,6
"t1m3",3.83333333333333,6
"t1m4",3.83333333333333,6
"t1m5",3.83333333333333,6
"t1m6",3.83333333333333,6
"t1m7",3.83333333333333,6
"t1m8",3.83333333333333,6
"t2m1",5.66666666666667,6
"t2m2",5.66666666666667,6
"t2m3",5.66666666666667,6
"t2m4",5.66666666666667,6
"t3m1",4.66666666666667,6
"t3m2",4.66666666666667,6
"t3m3",4.66666666666667,6
"t3m4",4.66666666666667,6
"t3m5",4.66666666666667,6
"t3m6",4.66666666666667,6
"t3m7",4.66666666666667,6
"t3m8",4.66666666666667,6
"t3m9",4.66666666666667,6
"t3m10",4.66666666666667,6
"t3m11",4.66666666666667,6
"t3m12",4.66666666666667,6
"t5m1",4.84210526315789,19
"t5m2",4.84210526315789,19
"t5m3",4.84210526315789,19
"t5m4",4.84210526315789,19
"t5m5",NA,NA
"t5m6",NA,NA
"t5m7",NA,NA
"t5m8",NA,NA
"t5m9",NA,NA
"t5m10",NA,NA
"t5m11",NA,NA
"t5m12",NA,NA
"t5m13",NA,NA
"t5m14",NA,NA
"t5m15",NA,NA
"t5m16",NA,NA
"t5m17",4.84210526315789,19
"t5m18",4.84210526315789,19
"t5m19",4.84210526315789,19
"t5m20",4.84210526315789,19
"t5m21",NA,NA
"t5m22",NA,NA
"t5m23",NA,NA
"t5m24",NA,NA
"t5m25",NA,NA
"t5m26",NA,NA
"t5m27",NA,NA
"t5m28",NA,NA
"t5m29",NA,NA
"t5m30",NA,NA
"t5m31",NA,NA
"t5m32",NA,NA
"t6m1",3.8,5
"t6m2",3.8,5
"t6m3",3.8,5
"t6m4",3.8,5
"t6m5",3.8,5
"t6m6",3.8,5
"t6m7",3.8,5
"t6m8",3.8,5
"t7m1",4.88888888888889,18
"t7m2",4.88888888888889,18
"t7m3",4.88888888888889,18
"t7m4",4.88888888888889,18
"t7m5",5,5
"t7m6",4.88888888888889,18
"t7m7",4.88888888888889,18
"t7m8",4.88888888888889,18
"t7m9",4.88888888888889,18
"t7m10",5,5
"t8m1",4.6,5
"t10m1",4.5,6
"t10m2",4.5,6
"t10m3",4.5,6
"t10m4",4.5,6
"t10m5",4.5,6
"t10m6",4.5,6
"t10m7",4.5,6
"t10m8",4.5,6
"t10m9",4.5,6
"t10m10",4.5,6
"t10m11",4.5,6
"t10m12",4.5,6
"t12m1",4.63636363636364,11
"t12m2",4.63636363636364,11
"t12m3",4.63636363636364,11
"t12m4",4.63636363636364,11
"t12m5",4.63636363636364,11
"t12m6",4.63636363636364,11
"t12m7",4.63636363636364,11
"t12m8",4.63636363636364,11
"t12m9",4.63636363636364,11
"t12m10",4.63636363636364,11
"t12m11",4.63636363636364,11
"t12m12",4.63636363636364,11
"t13m1",4,7
"t13m2",4,7
"t13m3",4,7
"t13m4",4,7
"t13m5",4,7
"t13m6",4,7
"t13m7",3.9,20
"t13m8",3.9,20
"t13m9",3.9,20
"t13m10",3.9,20
"t13m11",3.9,20
"t13m12",3.9,20
"t13m13",4,7
"t13m14",4,7
"t13m15",4,7
"t13m16",4,7
"t13m17",4,7
"t13m18",4,7
"t13m19",3.9,20
"t13m20",3.9,20
"t13m21",3.9,20
"t13m22",3.9,20
"t13m23",3.9,20
"t13m24",3.9,20
"t16m1",3.7,20
"t16m2",3.7,20
"t17m1",4.52173913043478,23
"t17m2",4.52173913043478,23
"t17m3",4.52173913043478,23
"t18m1",5.25,4
"t18m2",5.25,4
"t18m3",5.25,4
"t18m4",5.25,4
"t18m5",5.25,4
"t18m6",5.25,4
"t18m7",5.25,4
"t18m8",5.25,4
"t18m9",5.25,4
"t18m10",5.25,4
"t18m11",5.25,4
"t18m12",5.25,4
"t19m1",3.4,5
"t19m2",3.4,5
"t19m3",4.16666666666667,6
"t19m4",3.4,5
"t19m5",3.4,5
"t19m6",3.4,5
"t19m7",4.16666666666667,6
"t19m8",3.4,5
"t19m9",3.4,5
"t19m10",3.4,5
"t20m1",4.5,6
"t20m2",4.5,6
"t20m3",4.5,6
"t21m1",3.71428571428571,7
"t21m2",3.71428571428571,7
"t22m1",2,5
"t22m2",2,5
"t22m3",2,5
"t22m4",2,5
"t22m5",2,5
"t22m6",2,5
"t23m1",4.14285714285714,7
"t23m2",4.14285714285714,7
"t23m3",4.14285714285714,7
"t23m4",4.14285714285714,7
"t23m5",4.14285714285714,7
"t23m6",4.14285714285714,7
"t23m7",4.14285714285714,7
"t23m8",4.14285714285714,7
"t23m9",4.14285714285714,7
"t23m10",4.14285714285714,7
"t23m11",4.14285714285714,7
"t23m12",4.14285714285714,7
"t23m13",4.14285714285714,7
"t23m14",4.14285714285714,7
"t23m15",4.14285714285714,7
"t23m16",4.14285714285714,7
"t23m17",4.14285714285714,7
"t23m18",4.14285714285714,7
"t23m19",4.14285714285714,7
"t23m20",4.14285714285714,7
"t23m21",4.14285714285714,7
"t23m22",4.14285714285714,7
"t23m23",4.14285714285714,7
"t23m24",4.14285714285714,7
"t23m25",4.14285714285714,7
"t23m26",4.14285714285714,7
"t23m27",4.14285714285714,7
"t23m28",4.14285714285714,7
"t23m29",4.14285714285714,7
"t23m30",4.14285714285714,7
"t23m31",4.14285714285714,7
"t23m32",4.14285714285714,7
"t23m33",4.14285714285714,7
"t23m34",4.14285714285714,7
"t23m35",4.14285714285714,7
"t23m36",4.14285714285714,7
"t23m37",4.14285714285714,7
"t23m38",4.14285714285714,7
"t23m39",4.14285714285714,7
"t23m40",4.14285714285714,7
"t23m41",4.14285714285714,7
"t23m42",4.14285714285714,7
"t23m43",4.14285714285714,7
"t23m44",4.14285714285714,7
"t23m45",4.14285714285714,7
"t23m46",4.14285714285714,7
"t23m47",4.14285714285714,7
"t23m48",4.14285714285714,7
"t26m1",4.28571428571429,7
"t26m2",4.28571428571429,7
"t26m3",4.28571428571429,7
"t26m4",4.28571428571429,7
"t27m1",5,10
"t27m2",5,10
"t27m3",5,10
"t27m4",5,10
"t27m5",5,10
"t27m6",5,10
"t27m7",5,10
"t27m8",5,10
"t27m9",5,10
"t27m10",5,10
"t27m11",5,10
"t27m12",5,10
"t28m1",4.5,6
"t28m2",4.5,6
"t28m3",4.5,6
"t28m4",4.5,6
"t28m5",4.5,6
"t28m6",4.5,6
"t28m7",4.5,6
"t28m8",4.5,6
"t28m9",4.5,6
"t28m10",4.5,6
"t28m11",4.5,6
"t28m12",4.5,6
"t28m13",4.5,6
"t28m14",4.5,6
"t28m15",4.5,6
"t28m16",4.5,6
"t28m17",4.5,6
"t28m18",4.5,6
"t28m19",4.5,6
"t28m20",4.5,6
"t28m21",4.5,6
"t28m22",4.5,6
"t28m23",4.5,6
"t28m24",4.5,6
"t29m1",4.14285714285714,7
"t29m2",4.14285714285714,7
"t29m3",4.14285714285714,7
"t29m4",4.14285714285714,7
"t29m5",4.14285714285714,7
"t29m6",4.14285714285714,7
"t29m7",4.14285714285714,7
"t29m8",4.14285714285714,7
"t29m9",4.14285714285714,7
"t29m10",4.14285714285714,7
"t29m11",4.14285714285714,7
"t29m12",4.14285714285714,7
"t29m13",4.14285714285714,7
"t29m14",4.14285714285714,7
"t29m15",4.14285714285714,7
"t29m16",4.14285714285714,7
"t29m17",4.14285714285714,7
"t29m18",4.14285714285714,7
"t29m19",4.14285714285714,7
"t29m20",4.14285714285714,7
"t29m21",4.14285714285714,7
"t29m22",4.14285714285714,7
"t29m23",4.14285714285714,7
"t29m24",4.14285714285714,7
"t29m25",4.14285714285714,7
"t29m26",4.14285714285714,7
"t29m27",4.14285714285714,7
"t29m28",4.14285714285714,7
"t29m29",4.14285714285714,7
"t29m30",4.14285714285714,7
"t29m31",4.14285714285714,7
"t29m32",4.14285714285714,7
"t29m33",4.14285714285714,7
"t29m34",4.14285714285714,7
"t29m35",4.14285714285714,7
"t29m36",4.14285714285714,7
"t29m37",4.14285714285714,7
"t29m38",4.14285714285714,7
"t29m39",4.14285714285714,7
"t29m40",4.14285714285714,7
"t29m41",4.14285714285714,7
"t29m42",4.14285714285714,7
"t29m43",4.14285714285714,7
"t29m44",4.14285714285714,7
"t29m45",4.14285714285714,7
"t29m46",4.14285714285714,7
"t29m47",4.14285714285714,7
"t29m48",4.14285714285714,7
"t30m1",5.42857142857143,7
"t30m2",5.42857142857143,7
"t30m3",5.42857142857143,7
"t30m4",5.42857142857143,7
"t30m5",5.42857142857143,7
"t30m6",5.42857142857143,7
"t30m7",5.42857142857143,7
"t30m8",5.42857142857143,7
"t31m1",4.22222222222222,18
"t31m2",4.22222222222222,18
"t31m3",4.22222222222222,18
"t31m4",4.22222222222222,18
"t31m5",4.22222222222222,18
"t31m6",4.22222222222222,18
"t31m7",4.28571428571429,7
"t31m8",4.28571428571429,7
"t31m9",4.28571428571429,7
"t31m10",4.28571428571429,7
"t31m11",4.28571428571429,7
"t31m12",4.28571428571429,7
"t31m13",3.5,4
"t31m14",3.5,4
"t31m15",3.5,4
"t31m16",3.5,4
"t31m17",3.5,4
"t31m18",3.5,4
"t31m19",4.22222222222222,18
"t31m20",4.22222222222222,18
"t31m21",4.22222222222222,18
"t31m22",4.22222222222222,18
"t31m23",4.22222222222222,18
"t31m24",4.22222222222222,18
"t31m25",4.22222222222222,18
"t31m26",4.22222222222222,18
"t31m27",4.22222222222222,18
"t31m28",4.22222222222222,18
"t31m29",4.22222222222222,18
"t31m30",4.22222222222222,18
"t31m31",4.28571428571429,7
"t31m32",4.28571428571429,7
"t31m33",4.28571428571429,7
"t31m34",4.28571428571429,7
"t31m35",4.28571428571429,7
"t31m36",4.28571428571429,7
"t31m37",3.5,4
"t31m38",3.5,4
"t31m39",3.5,4
"t31m40",3.5,4
"t31m41",3.5,4
"t31m42",3.5,4
"t31m43",4.22222222222222,18
"t31m44",4.22222222222222,18
"t31m45",4.22222222222222,18
"t31m46",4.22222222222222,18
"t31m47",4.22222222222222,18
"t31m48",4.22222222222222,18
"t32m1",4.14285714285714,7
"t33m1",4.63636363636364,11
"t33m2",4.63636363636364,11
"t33m3",4.63636363636364,11
"t33m4",4.63636363636364,11
"t33m5",4.63636363636364,11
"t33m6",4.63636363636364,11
"t33m7",4.63636363636364,11
"t33m8",4.63636363636364,11
"t33m9",4.63636363636364,11
"t33m10",4.63636363636364,11
"t33m11",4.63636363636364,11
"t33m12",4.63636363636364,11
"t33m13",4.63636363636364,11
"t33m14",4.63636363636364,11
"t33m15",4.63636363636364,11
"t33m16",4.63636363636364,11
"t33m17",4.63636363636364,11
"t33m18",4.63636363636364,11
"t33m19",4.63636363636364,11
"t33m20",4.63636363636364,11
"t34m1",4.57142857142857,7
"t34m2",4.22222222222222,18
"t34m3",4.18181818181818,11
"t34m4",4.30434782608696,23
"t34m5",4.57142857142857,7
"t34m6",4.22222222222222,18
"t34m7",4.18181818181818,11
"t34m8",4.30434782608696,23
"t34m9",4.57142857142857,7
"t34m10",4.57142857142857,7
"t34m11",4.22222222222222,18
"t34m12",4.22222222222222,18
"t34m13",4.18181818181818,11
"t34m14",4.18181818181818,11
"t34m15",4.30434782608696,23
"t34m16",4.30434782608696,23
"t35m1",4.6,5
"t35m2",4.6,5
"t35m3",4.6,5
"t35m4",4.6,5
"t36m1",3.95238095238095,42
"t36m2",3.95238095238095,42
"t36m3",3.95238095238095,42
"t36m4",3.95238095238095,42
"t36m5",3.95238095238095,42
"t36m6",3.95238095238095,42
"t37m1",4,5
"t37m2",4,5
"t37m3",4,5
"t38m1",4.6,5
"t38m2",4.45454545454545,11
"t39m1",4.66666666666667,6
"t39m2",4.66666666666667,6
"t39m3",4.66666666666667,6
"t39m4",4.66666666666667,6
"t39m5",4.66666666666667,6
"t39m6",4.66666666666667,6
"t39m7",4.66666666666667,6
"t39m8",4.66666666666667,6
"t39m9",4.66666666666667,6
"t39m10",4.66666666666667,6
"t39m11",4.66666666666667,6
"t39m12",4.66666666666667,6
"t40m1",3.28571428571429,7
"t40m2",3.69230769230769,13
"t40m3",3.69230769230769,13
"t40m4",3.28571428571429,7
"t40m5",3.28571428571429,7
"t40m6",3.69230769230769,13
"t40m7",3.69230769230769,13
"t40m8",3.28571428571429,7
"t41m1",4.16666666666667,6
"t41m2",4.16666666666667,6
"t41m3",4.16666666666667,6
"t41m4",4.16666666666667,6
"t41m5",4.16666666666667,6
"t41m6",4.16666666666667,6
"t41m7",4.16666666666667,6
"t41m8",4.16666666666667,6
"t41m9",4.16666666666667,6
"t41m10",4.16666666666667,6
"t41m11",4.16666666666667,6
"t41m12",4.16666666666667,6
"t42m1",5.2,5
"t42m2",5.2,5
"t43m1",4,6
"t43m2",4,6
"t43m3",4,6
"t43m4",4.22222222222222,18
"t43m5",4,6
"t43m6",4,6
"t45m1",3.88888888888889,18
"t45m2",3.88888888888889,18
"t45m3",3.88888888888889,18
"t45m4",3.88888888888889,18
"t45m5",3.88888888888889,18
"t45m6",3.88888888888889,18
"t46m1",4.42857142857143,7
"t46m2",4.42857142857143,7
"t46m3",4.42857142857143,7
"t46m4",4.42857142857143,7
"t46m5",4.42857142857143,7
"t46m6",4.42857142857143,7
"t46m7",4.42857142857143,7
"t46m8",4.42857142857143,7
"t46m9",4.42857142857143,7
"t46m10",4.42857142857143,7
"t46m11",4.42857142857143,7
"t46m12",4.42857142857143,7
"t46m13",4.42857142857143,7
"t46m14",4.42857142857143,7
"t46m15",4.42857142857143,7
"t46m16",4.42857142857143,7
"t46m17",4.42857142857143,7
"t46m18",4.42857142857143,7
"t46m19",4.42857142857143,7
"t46m20",4.42857142857143,7
"t46m21",4.42857142857143,7
"t46m22",4.42857142857143,7
"t46m23",4.42857142857143,7
"t46m24",4.42857142857143,7
"t47m1",3.14285714285714,7
"t47m2",3.14285714285714,7
"t47m3",3.14285714285714,7
"t47m4",3.14285714285714,7
"t47m5",3.14285714285714,7
"t47m6",3.14285714285714,7
"t47m7",3.14285714285714,7
"t47m8",3.14285714285714,7
"t47m9",3.14285714285714,7
"t47m10",3.14285714285714,7
"t47m11",3.14285714285714,7
"t47m12",3.14285714285714,7
"t48m1",4.14285714285714,7
"t48m2",4.14285714285714,7
"t48m3",4.14285714285714,7
"t48m4",4.14285714285714,7
"t48m5",4.14285714285714,7
"t48m6",4.14285714285714,7
"t48m7",4.14285714285714,7
"t48m8",4.14285714285714,7
"t48m9",4.14285714285714,7
"t48m10",4.14285714285714,7
"t48m11",4.14285714285714,7
"t48m12",4.14285714285714,7
"t48m13",4.14285714285714,7
"t48m14",4.14285714285714,7
"t49m1",4.33333333333333,6
"t49m2",4.33333333333333,6
"t49m3",4.33333333333333,6
"t49m4",4.33333333333333,6
"t49m5",4.33333333333333,6
"t49m6",4.33333333333333,6
"t49m7",4.33333333333333,6
"t49m8",4.33333333333333,6
"t49m9",4.33333333333333,6
"t49m10",4.33333333333333,6
"t49m11",4.33333333333333,6
"t49m12",4.33333333333333,6
"t52m1",3.83333333333333,6
"t52m2",3.83333333333333,6
"t52m3",3.83333333333333,6
"t52m4",3.83333333333333,6
"t52m5",3.83333333333333,6
"t52m6",3.83333333333333,6
"t52m7",3.83333333333333,6
"t52m8",3.83333333333333,6
"t52m9",3.83333333333333,6
"t52m10",3.83333333333333,6
"t52m11",3.83333333333333,6
"t52m12",3.83333333333333,6
"t52m13",3.83333333333333,6
"t52m14",3.83333333333333,6
"t52m15",3.83333333333333,6
"t52m16",3.83333333333333,6
"t52m17",3.83333333333333,6
"t52m18",3.83333333333333,6
"t52m19",3.83333333333333,6
"t52m20",3.83333333333333,6
"t52m21",3.83333333333333,6
"t52m22",3.83333333333333,6
"t52m23",3.83333333333333,6
"t52m24",3.83333333333333,6
"t52m25",3.83333333333333,6
"t52m26",3.83333333333333,6
"t52m27",3.83333333333333,6
"t52m28",3.83333333333333,6
"t52m29",3.83333333333333,6
"t52m30",3.83333333333333,6
"t52m31",3.83333333333333,6
"t52m32",3.83333333333333,6
"t52m33",3.83333333333333,6
"t52m34",3.83333333333333,6
"t52m35",3.83333333333333,6
"t52m36",3.83333333333333,6
"t54m1",4.2,5
"t54m2",4.2,5
"t54m3",4.2,5
"t54m4",4.2,5
"t54m5",4.2,5
"t54m6",4.2,5
"t54m7",4.2,5
"t54m8",4.2,5
"t54m9",4.2,5
"t54m10",4.2,5
"t54m11",4.2,5
"t54m12",4.2,5
"t56m1",4.15384615384615,13
"t56m2",4.15384615384615,13
"t58m1",4.4,5
"t58m2",4.4,5
"t58m3",4.4,5
"t58m4",4.4,5
"t58m5",4.4,5
"t58m6",4.4,5
"t58m7",4.4,5
"t58m8",4.4,5
"t58m9",4.4,5
"t58m10",4.4,5
"t58m11",4.4,5
"t58m12",4.4,5
"t58m13",4.4,5
"t58m14",4.4,5
"t58m15",4.4,5
"t58m16",4.4,5
"t58m17",4.4,5
"t58m18",4.4,5
"t58m19",4.4,5
"t58m20",4.4,5
"t58m21",4.4,5
"t58m22",4.4,5
"t58m23",4.4,5
"t58m24",4.4,5
"t58m25",4.4,5
"t58m26",4.4,5
"t58m27",4.4,5
"t58m28",4.4,5
"t58m29",4.4,5
"t58m30",4.4,5
"t58m31",4.4,5
"t58m32",4.4,5
"t58m33",4.4,5
"t58m34",4.4,5
"t58m35",4.4,5
"t58m36",4.4,5
"t59m1",4.66666666666667,6
"t59m2",4.66666666666667,6
"t59m3",4.66666666666667,6
"t59m4",4.66666666666667,6
"t59m5",4.66666666666667,6
"t59m6",4.66666666666667,6
"t59m7",4.66666666666667,6
"t59m8",4.66666666666667,6
"t59m9",4.66666666666667,6
"t59m10",4.66666666666667,6
"t59m11",4.66666666666667,6
"t59m12",4.66666666666667,6
"t59m13",4.66666666666667,6
"t59m14",4.66666666666667,6
"t59m15",4.66666666666667,6
"t59m16",4.66666666666667,6
"t59m17",4.66666666666667,6
"t59m18",4.66666666666667,6
"t59m19",4.66666666666667,6
"t59m20",4.66666666666667,6
"t59m21",4.66666666666667,6
"t59m22",4.66666666666667,6
"t59m23",4.66666666666667,6
"t59m24",4.66666666666667,6
"t60m1",4.92,25
"t60m2",4.92,25
"t60m3",4.92,25
"t60m4",4.92,25
"t60m5",4.07692307692308,13
"t60m6",4.07692307692308,13
"t60m7",4.07692307692308,13
"t60m8",4.07692307692308,13
"t60m9",4.07692307692308,13
"t60m10",4.07692307692308,13
"t60m11",4.07692307692308,13
"t60m12",4.07692307692308,13
"t60m13",4.92,25
"t60m14",4.92,25
"t60m15",4.92,25
"t60m16",4.92,25
"t60m17",4.07692307692308,13
"t60m18",4.07692307692308,13
"t60m19",4.07692307692308,13
"t60m20",4.07692307692308,13
"t60m21",4.07692307692308,13
"t60m22",4.07692307692308,13
"t60m23",4.07692307692308,13
"t60m24",4.07692307692308,13
"t61m1",4.14285714285714,21
"t61m2",4.14285714285714,21
"t61m3",4.14285714285714,21
"t61m4",4.14285714285714,21
"t61m5",4.14285714285714,21
"t61m6",4.14285714285714,21
"t61m7",3.71428571428571,7
"t61m8",3.71428571428571,7
"t61m9",3.71428571428571,7
"t61m10",3.71428571428571,7
"t61m11",3.71428571428571,7
"t61m12",3.71428571428571,7
"t61m13",NA,NA
"t61m14",NA,NA
"t61m15",NA,NA
"t61m16",NA,NA
"t61m17",NA,NA
"t61m18",NA,NA
"t61m19",NA,NA
"t61m20",NA,NA
"t61m21",NA,NA
"t61m22",NA,NA
"t61m23",NA,NA
"t61m24",NA,NA
"t62m1",3.28571428571429,7
"t62m2",3.28571428571429,7
"t62m3",3.28571428571429,7
"t62m4",3.28571428571429,7
"t62m5",3.28571428571429,7
"t62m6",3.28571428571429,7
"t62m7",3.28571428571429,7
"t62m8",3.28571428571429,7
"t62m9",3.28571428571429,7
"t62m10",3.28571428571429,7
"t62m11",3.28571428571429,7
"t62m12",3.28571428571429,7
"t62m13",3.28571428571429,7
"t62m14",3.28571428571429,7
"t62m15",3.28571428571429,7
"t62m16",3.28571428571429,7
"t64m1",4.5625,32
"t64m2",4.55555555555556,18
"t64m3",4.48484848484848,33
"t64m4",4.47368421052632,19
"t64m5",4.42857142857143,21
"t64m6",4.66666666666667,12
"t64m7",4.14285714285714,7
"t64m8",NA,NA
"t64m9",4.55,20
"t64m10",4.66666666666667,12
"t64m11",4.48148148148148,27
"t64m12",4.66666666666667,12
"t64m13",4.48148148148148,27
"t64m14",4.66666666666667,12
"t64m15",2,5
"t64m16",NA,NA
"t65m1",4.92,25
"t65m2",4.92,25
"t65m3",4.92,25
"t65m4",4.92,25
"t65m5",4.8,5
"t65m6",4.8,5
"t65m7",4.8,5
"t65m8",4.8,5
"t65m9",4.75675675675676,37
"t65m10",4.75675675675676,37
"t65m11",4.75675675675676,37
"t65m12",4.75675675675676,37
"t65m13",4.92,25
"t65m14",4.92,25
"t65m15",4.92,25
"t65m16",4.92,25
"t65m17",4.8,5
"t65m18",4.8,5
"t65m19",4.8,5
"t65m20",4.8,5
"t65m21",4.75675675675676,37
"t65m22",4.75675675675676,37
"t65m23",4.75675675675676,37
"t65m24",4.75675675675676,37
"t65m25",4.92,25
"t65m26",4.92,25
"t65m27",4.92,25
"t65m28",4.92,25
"t65m29",4.8,5
"t65m30",4.8,5
"t65m31",4.8,5
"t65m32",4.8,5
"t65m33",4.75675675675676,37
"t65m34",4.75675675675676,37
"t65m35",4.75675675675676,37
"t65m36",4.75675675675676,37
"t68m1",4.33333333333333,6
"t68m2",4.33333333333333,6
"t68m3",4.33333333333333,6
"t68m4",4.33333333333333,6
"t68m5",4.33333333333333,6
"t68m6",4.33333333333333,6
"t68m7",4.33333333333333,6
"t68m8",4.33333333333333,6
"t68m9",4.33333333333333,6
"t68m10",4.33333333333333,6
"t68m11",4.33333333333333,6
"t68m12",4.33333333333333,6
"t68m13",4.33333333333333,6
"t68m14",4.33333333333333,6
"t68m15",4.33333333333333,6
"t68m16",4.33333333333333,6
"t68m17",4.33333333333333,6
"t68m18",4.33333333333333,6
"t68m19",4.33333333333333,6
"t68m20",4.33333333333333,6
"t68m21",4.33333333333333,6
"t68m22",4.33333333333333,6
"t68m23",4.33333333333333,6
"t68m24",4.33333333333333,6
"t68m25",4.33333333333333,6
"t68m26",4.33333333333333,6
"t68m27",4.33333333333333,6
"t68m28",4.33333333333333,6
"t68m29",4.33333333333333,6
"t68m30",4.33333333333333,6
"t68m31",4.33333333333333,6
"t68m32",4.33333333333333,6
"t68m33",4.33333333333333,6
"t68m34",4.33333333333333,6
"t68m35",4.33333333333333,6
"t68m36",4.33333333333333,6
"t68m37",4.33333333333333,6
"t68m38",4.33333333333333,6
"t68m39",4.33333333333333,6
"t68m40",4.33333333333333,6
"t68m41",4.33333333333333,6
"t68m42",4.33333333333333,6
"t68m43",4.33333333333333,6
"t68m44",4.33333333333333,6
"t68m45",4.33333333333333,6
"t68m46",4.33333333333333,6
"t68m47",4.33333333333333,6
"t68m48",4.33333333333333,6
"t68m49",4.33333333333333,6
"t68m50",4.33333333333333,6
"t68m51",4.33333333333333,6
"t68m52",4.33333333333333,6
"t68m53",4.33333333333333,6
"t68m54",4.33333333333333,6
"t68m55",4.33333333333333,6
"t68m56",4.33333333333333,6
"t68m57",4.33333333333333,6
"t68m58",4.33333333333333,6
"t68m59",4.33333333333333,6
"t68m60",4.33333333333333,6
"t68m61",4.33333333333333,6
"t68m62",4.33333333333333,6
"t68m63",4.33333333333333,6
"t68m64",4.33333333333333,6
"t68m65",4.33333333333333,6
"t68m66",4.33333333333333,6
"t68m67",4.33333333333333,6
"t68m68",4.33333333333333,6
"t68m69",4.33333333333333,6
"t68m70",4.33333333333333,6
"t68m71",4.33333333333333,6
"t68m72",4.33333333333333,6
"t68m73",4.33333333333333,6
"t68m74",4.33333333333333,6
"t68m75",4.33333333333333,6
"t68m76",4.33333333333333,6
"t68m77",4.33333333333333,6
"t68m78",4.33333333333333,6
"t68m79",4.33333333333333,6
"t68m80",4.33333333333333,6
"t68m81",4.33333333333333,6
"t68m82",4.33333333333333,6
"t68m83",4.33333333333333,6
"t68m84",4.33333333333333,6
"t68m85",4.33333333333333,6
"t68m86",4.33333333333333,6
"t68m87",4.33333333333333,6
"t68m88",4.33333333333333,6
"t68m89",4.33333333333333,6
"t68m90",4.33333333333333,6
"t68m91",4.33333333333333,6
"t68m92",4.33333333333333,6
"t68m93",4.33333333333333,6
"t68m94",4.33333333333333,6
"t68m95",4.33333333333333,6
"t68m96",4.33333333333333,6
"t68m97",4.33333333333333,6
"t68m98",4.33333333333333,6
"t68m99",4.33333333333333,6
"t68m100",4.33333333333333,6
"t68m101",4.33333333333333,6
"t68m102",4.33333333333333,6
"t68m103",4.33333333333333,6
"t68m104",4.33333333333333,6
"t68m105",4.33333333333333,6
"t68m106",4.33333333333333,6
"t68m107",4.33333333333333,6
"t68m108",4.33333333333333,6
"t68m109",4.33333333333333,6
"t68m110",4.33333333333333,6
"t68m111",4.33333333333333,6
"t68m112",4.33333333333333,6
"t69m1",4.66666666666667,6
"t69m2",4.66666666666667,6
"t69m3",4.66666666666667,6
"t69m4",4.66666666666667,6
"t69m5",4.66666666666667,6
"t69m6",4.66666666666667,6
"t69m7",4.66666666666667,6
"t69m8",4.66666666666667,6
"t69m9",4.66666666666667,6
"t69m10",4.66666666666667,6
"t69m11",4.66666666666667,6
"t69m12",4.66666666666667,6
"t70m1",4.63636363636364,11
"t70m2",4.63636363636364,11
"t70m3",4.63636363636364,11
"t70m4",4.63636363636364,11
"t70m5",4.63636363636364,11
"t70m6",4.63636363636364,11
"t70m7",4.63636363636364,11
"t70m8",4.63636363636364,11
"t70m9",4.63636363636364,11
"t70m10",4.63636363636364,11
"t70m11",4.63636363636364,11
"t70m12",4.63636363636364,11
"t70m13",4.63636363636364,11
"t70m14",4.63636363636364,11
"t70m15",4.63636363636364,11
"t70m16",4.63636363636364,11
"t72m1",4.14285714285714,7
"t72m2",4.14285714285714,7
"t72m3",4.14285714285714,7
"t72m4",4.14285714285714,7
"t72m5",4.14285714285714,7
"t72m6",4.14285714285714,7
"t72m7",4.14285714285714,7
"t72m8",4.14285714285714,7
"t72m9",4.14285714285714,7
"t72m10",4.14285714285714,7
"t72m11",4.14285714285714,7
"t72m12",4.14285714285714,7
"t73m1",4.46153846153846,13
"t73m2",4.46153846153846,13
"t73m3",4.46153846153846,13
"t73m4",4.46153846153846,13
"t73m5",4.46153846153846,13
"t73m6",4.46153846153846,13
"t73m7",4.46153846153846,13
"t73m8",4.46153846153846,13
"t73m9",4.46153846153846,13
"t73m10",4.46153846153846,13
"t73m11",4.46153846153846,13
"t73m12",4.46153846153846,13
"t75m1",3.83333333333333,6
"t75m2",3.83333333333333,6
"t75m3",3.83333333333333,6
"t75m4",3.83333333333333,6
"t75m5",3.83333333333333,6
"t75m6",3.83333333333333,6
"t75m7",3.83333333333333,6
"t75m8",3.83333333333333,6
"t75m9",3.83333333333333,6
"t75m10",3.83333333333333,6
"t75m11",3.83333333333333,6
"t75m12",3.83333333333333,6
"t75m13",3.83333333333333,6
"t75m14",3.83333333333333,6
"t75m15",3.83333333333333,6
"t75m16",3.83333333333333,6
"t75m17",3.83333333333333,6
"t75m18",3.83333333333333,6
"t77m1",4.4,5
"t77m2",4.4,5
"t77m3",4.4,5
"t77m4",4.4,5
"t77m5",4.4,5
"t77m6",4.4,5
"t82m1",2.6,5
"t82m2",2.6,5
"t82m3",2.6,5
"t82m4",2.6,5
"t82m5",2.3,10
"t82m6",2.3,10
"t82m7",2.3,10
"t82m8",2.3,10
"t83m1",4.42857142857143,7
"t83m2",4.42857142857143,7
"t83m3",4.42857142857143,7
"t83m4",4.42857142857143,7
"t83m5",4.42857142857143,7
"t83m6",4.42857142857143,7
"t83m7",4.42857142857143,7
"t83m8",4.42857142857143,7
"t83m9",4.42857142857143,7
"t83m10",4.42857142857143,7
"t83m11",4.42857142857143,7
"t83m12",4.42857142857143,7
"t84m1",4.5,6
"t84m2",4.5,6
"t84m3",4.5,6
"t84m4",4.5,6
"t84m5",4.5,6
"t84m6",4.5,6
"t84m7",4.5,6
"t84m8",4.5,6
"t84m9",4.5,6
"t84m10",4.5,6
"t84m11",4.5,6
"t84m12",4.5,6
"t86m1",4.42857142857143,7
"t86m2",4.42857142857143,7
"t86m3",4.42857142857143,7
"t86m4",4.42857142857143,7
"t86m5",4.42857142857143,7
"t86m6",4.42857142857143,7
"t86m7",4.42857142857143,7
"t86m8",4.42857142857143,7
"t86m9",4.42857142857143,7
"t86m10",4.42857142857143,7
"t86m11",4.42857142857143,7
"t86m12",4.42857142857143,7
"t86m13",4.42857142857143,7
"t86m14",4.42857142857143,7
"t86m15",4.42857142857143,7
"t86m16",4.42857142857143,7
"t86m17",4.42857142857143,7
"t86m18",4.42857142857143,7
"t86m19",4.42857142857143,7
"t86m20",4.42857142857143,7
"t86m21",4.42857142857143,7
"t86m22",4.42857142857143,7
"t86m23",4.42857142857143,7
"t86m24",4.42857142857143,7
"t86m25",4.42857142857143,7
"t86m26",4.42857142857143,7
"t86m27",4.42857142857143,7
"t86m28",4.42857142857143,7
"t86m29",4.42857142857143,7
"t86m30",4.42857142857143,7
"t86m31",4.42857142857143,7
"t86m32",4.42857142857143,7
"t86m33",4.42857142857143,7
"t86m34",4.42857142857143,7
"t86m35",4.42857142857143,7
"t86m36",4.42857142857143,7
"t86m37",4.42857142857143,7
"t86m38",4.42857142857143,7
"t86m39",4.42857142857143,7
"t86m40",4.42857142857143,7
"t86m41",4.42857142857143,7
"t86m42",4.42857142857143,7
"t86m43",4.42857142857143,7
"t86m44",4.42857142857143,7
"t86m45",4.42857142857143,7
"t86m46",4.42857142857143,7
"t86m47",4.42857142857143,7
"t86m48",4.42857142857143,7
"t86m49",4.42857142857143,7
"t86m50",4.42857142857143,7
"t86m51",4.42857142857143,7
"t86m52",4.42857142857143,7
"t86m53",4.42857142857143,7
"t86m54",4.42857142857143,7
"t87m1",3.28571428571429,7
"t87m2",3.28571428571429,7
"t87m3",3.28571428571429,7
"t87m4",3.28571428571429,7
"t87m5",3.28571428571429,7
"t87m6",3.28571428571429,7
"t87m7",3.28571428571429,7
"t87m8",3.28571428571429,7
"t87m9",3.28571428571429,7
"t87m10",3.28571428571429,7
"t87m11",3.28571428571429,7
"t87m12",3.28571428571429,7
"t93m1",5,5
"t93m2",5,5
"t93m3",4.5,6
"t93m4",4.5,6
"t93m5",5,5
"t93m6",5,5
"t93m7",5,5
"t93m8",5,5
"t93m9",3.71428571428571,7
"t93m10",3.71428571428571,7
"t93m11",5,5
"t93m12",5,5
"t93m13",4.5,6
"t93m14",4.5,6
"t93m15",5,5
"t93m16",5,5
"t93m17",5,5
"t93m18",5,5
"t93m19",3.71428571428571,7
"t93m20",3.71428571428571,7
"t94m1",4.16666666666667,6
"t94m2",4.16666666666667,6
"t94m3",4.16666666666667,6
"t94m4",4.16666666666667,6
"t94m5",4.16666666666667,6
"t94m6",4.17307692307692,52
"t94m7",4.16666666666667,6
"t94m8",4.16666666666667,6
"t94m9",4.16666666666667,6
"t94m10",4.16666666666667,6
"t94m11",4.16666666666667,6
"t94m12",4.17307692307692,52
"t95m1",4.6,5
"t95m2",4.6,5
"t95m3",4.6,5
"t95m4",4.6,5
"t95m5",4.6,5
"t95m6",4.6,5
"t95m7",4.6,5
"t95m8",4.6,5
"t96m1",4.03333333333333,30
"t96m2",4.03333333333333,30
"t96m3",4.03333333333333,30
"t96m4",4.03333333333333,30
"t96m5",4.03333333333333,30
"t96m6",4.03333333333333,30
"t96m7",4.66666666666667,6
"t96m8",4.66666666666667,6
"t96m9",4.66666666666667,6
"t96m10",4.66666666666667,6
"t96m11",4.66666666666667,6
"t96m12",4.66666666666667,6
"t96m13",4.66666666666667,6
"t96m14",4.66666666666667,6
"t96m15",4.66666666666667,6
"t96m16",4.66666666666667,6
"t96m17",4.66666666666667,6
"t96m18",4.66666666666667,6
"t96m19",4.03333333333333,30
"t96m20",4.03333333333333,30
"t96m21",4.03333333333333,30
"t96m22",4.03333333333333,30
"t96m23",4.03333333333333,30
"t96m24",4.03333333333333,30
"t96m25",4.03333333333333,30
"t96m26",4.03333333333333,30
"t96m27",4.03333333333333,30
"t96m28",4.03333333333333,30
"t96m29",4.03333333333333,30
"t96m30",4.03333333333333,30
"t96m31",4.66666666666667,6
"t96m32",4.66666666666667,6
"t96m33",4.66666666666667,6
"t96m34",4.66666666666667,6
"t96m35",4.66666666666667,6
"t96m36",4.66666666666667,6
"t96m37",4.66666666666667,6
"t96m38",4.66666666666667,6
"t96m39",4.66666666666667,6
"t96m40",4.66666666666667,6
"t96m41",4.66666666666667,6
"t96m42",4.66666666666667,6
"t96m43",4.03333333333333,30
"t96m44",4.03333333333333,30
"t96m45",4.03333333333333,30
"t96m46",4.03333333333333,30
"t96m47",4.03333333333333,30
"t96m48",4.03333333333333,30
"t96m49",3.84313725490196,51
"t96m50",3.84313725490196,51
"t96m51",3.84313725490196,51
"t96m52",3.84313725490196,51
"t96m53",3.84313725490196,51
"t96m54",3.84313725490196,51
"t96m55",3.84313725490196,51
"t96m56",3.84313725490196,51
"t96m57",3.84313725490196,51
"t96m58",3.84313725490196,51
"t96m59",3.84313725490196,51
"t96m60",3.84313725490196,51
"t96m61",3.92,25
"t96m62",3.92,25
"t96m63",3.92,25
"t96m64",3.92,25
"t96m65",3.92,25
"t96m66",3.92,25
"t96m67",3.92,25
"t96m68",3.92,25
"t96m69",3.92,25
"t96m70",3.92,25
"t96m71",3.92,25
"t96m72",3.92,25
"t96m73",3.84313725490196,51
"t96m74",3.84313725490196,51
"t96m75",3.84313725490196,51
"t96m76",3.84313725490196,51
"t96m77",3.84313725490196,51
"t96m78",3.84313725490196,51
"t96m79",3.84313725490196,51
"t96m80",3.84313725490196,51
"t96m81",3.84313725490196,51
"t96m82",3.84313725490196,51
"t96m83",3.84313725490196,51
"t96m84",3.84313725490196,51
"t96m85",3.92,25
"t96m86",3.92,25
"t96m87",3.92,25
"t96m88",3.92,25
"t96m89",3.92,25
"t96m90",3.92,25
"t96m91",3.92,25
"t96m92",3.92,25
"t96m93",3.92,25
"t96m94",3.92,25
"t96m95",3.92,25
"t96m96",3.92,25
"t97m1",4.5,6
"t97m2",4.5,6
"t97m3",4.5,6
"t97m4",4.5,6
"t97m5",4.5,6
"t97m6",4.5,6
"t97m7",4.5,6
"t97m8",4.5,6
"t97m9",4.5,6
"t97m10",4.5,6
"t97m11",4.5,6
"t97m12",4.5,6
"t98m1",4.11111111111111,9
"t98m2",4.11111111111111,9
"t98m3",4.11111111111111,9
"t98m4",4.11111111111111,9
"t98m5",3.5,4
"t98m6",3.5,4
"t98m7",3.5,4
"t98m8",3.5,4
"t98m9",3.5,4
"t98m10",3.5,4
"t98m11",3.5,4
"t98m12",3.5,4
"t98m13",4.11111111111111,9
"t98m14",4.11111111111111,9
"t98m15",4.11111111111111,9
"t98m16",4.11111111111111,9
"t98m17",4.11111111111111,9
"t98m18",4.11111111111111,9
"t98m19",4.11111111111111,9
"t98m20",4.11111111111111,9
"t98m21",3.5,4
"t98m22",3.5,4
"t98m23",3.5,4
"t98m24",3.5,4
"t98m25",3.5,4
"t98m26",3.5,4
"t98m27",3.5,4
"t98m28",3.5,4
"t98m29",4.11111111111111,9
"t98m30",4.11111111111111,9
"t98m31",4.11111111111111,9
"t98m32",4.11111111111111,9
"t101m1",3,6
"t101m2",3,6
"t101m3",3,6
"t101m4",3,6
"t101m5",3,6
"t101m6",3,6
"t101m7",3,6
"t101m8",3,6
"t101m9",3,6
"t101m10",3,6
"t101m11",3,6
"t101m12",3,6
"t101m13",3,6
"t101m14",3,6
"t101m15",3,6
"t101m16",3,6
"t101m17",3,6
"t101m18",3,6
"t101m19",3,6
"t101m20",3,6
"t101m21",3,6
"t101m22",3,6
"t101m23",3,6
"t101m24",3,6
"t101m25",3,6
"t101m26",3,6
"t101m27",3,6
"t101m28",3,6
"t101m29",3,6
"t101m30",3,6
"t101m31",3,6
"t101m32",3,6
"t101m33",3,6
"t101m34",3,6
"t101m35",3,6
"t101m36",3,6
"t101m37",3,6
"t101m38",3,6
"t101m39",3,6
"t101m40",3,6
"t101m41",3,6
"t101m42",3,6
"t101m43",3,6
"t101m44",3,6
"t101m45",3,6
"t101m46",3,6
"t101m47",3,6
"t101m48",3,6
"t104m1",4.66666666666667,6
"t104m2",4.66666666666667,6
"t104m3",4.66666666666667,6
"t104m4",4.66666666666667,6
"t106m1",3.66666666666667,6
"t106m2",3.66666666666667,6
"t106m3",3.66666666666667,6
"t106m4",3.66666666666667,6
